﻿<LinkSources version="1.02">
  <page ID="FD6C4CAF-1EB9-4177-B981-766ADF8F4F5C">
    <linkSource sourcePageID="B061FE9C-DD15-4C37-9E65-EE65602CB6AF" comID="529102A2-3B94-4C90-9F43-CC4A073AF16A" comLinkType="cltPageLink"/>
    <linkSource sourcePageID="08EEE71A-F3FC-4337-A2BA-EC3EAD59D359" comID="529102A2-3B94-4C90-9F43-CC4A073AF16A" comLinkType="cltPageLink"/>
    <linkSource sourcePageID="4903C713-A1F2-434F-87A1-D2D4A380E1EB" comID="529102A2-3B94-4C90-9F43-CC4A073AF16A" comLinkType="cltPageLink"/>
    <linkSource sourcePageID="AE3ED981-AA5D-49F1-A2BE-366FC36A7393" comID="529102A2-3B94-4C90-9F43-CC4A073AF16A" comLinkType="cltPageLink"/>
    <linkSource sourcePageID="EA6D252E-B4DD-481E-B216-C0B642E43A04" comID="529102A2-3B94-4C90-9F43-CC4A073AF16A" comLinkType="cltPageLink"/>
    <linkSource sourcePageID="E771F584-AC03-4C89-8C48-F5D32C0C3258" comID="529102A2-3B94-4C90-9F43-CC4A073AF16A" comLinkType="cltPageLink"/>
    <linkSource sourcePageID="CB297DC6-4427-4D26-8695-4FEE70649189" comID="529102A2-3B94-4C90-9F43-CC4A073AF16A" comLinkType="cltPageLink"/>
    <linkSource sourcePageID="6806B9E4-5E0A-4224-97A5-A21FFED1923D" comID="529102A2-3B94-4C90-9F43-CC4A073AF16A" comLinkType="cltPageLink"/>
    <linkSource sourcePageID="6806B9E4-5E0A-4224-97A5-A21FFED1923D" comID="CCE80886-CD35-45E8-8A3A-2C8D9C53DF51" comLinkType="cltPageLink"/>
    <linkSource sourcePageID="C3C8734F-2235-403B-A730-100BD7AF670C" comID="529102A2-3B94-4C90-9F43-CC4A073AF16A" comLinkType="cltPageLink"/>
    <linkSource sourcePageID="D4A98C33-F8B1-4C25-8D50-E61170F392FA" comID="529102A2-3B94-4C90-9F43-CC4A073AF16A" comLinkType="cltPageLink"/>
    <linkSource sourcePageID="C85ED775-4585-4E2B-B967-B6AE74466731" comID="529102A2-3B94-4C90-9F43-CC4A073AF16A" comLinkType="cltPageLink"/>
    <linkSource sourcePageID="A1547BC9-587E-426C-8EB2-59C40FCCD726" comID="529102A2-3B94-4C90-9F43-CC4A073AF16A" comLinkType="cltPageLink"/>
    <linkSource sourcePageID="FCAE330E-455A-4CC0-BE53-E592DE26CF08" comID="529102A2-3B94-4C90-9F43-CC4A073AF16A" comLinkType="cltPageLink"/>
  </page>
  <page ID="B061FE9C-DD15-4C37-9E65-EE65602CB6AF">
    <linkSource sourcePageID="FD6C4CAF-1EB9-4177-B981-766ADF8F4F5C" comID="3D202011-7C16-4CAA-BA3A-5F384BA51E9C" comLinkType="cltPageLink"/>
  </page>
  <page ID="08EEE71A-F3FC-4337-A2BA-EC3EAD59D359">
    <linkSource sourcePageID="FD6C4CAF-1EB9-4177-B981-766ADF8F4F5C" comID="154A3623-5406-4EAD-8BB0-D640BE7AE3AD" comLinkType="cltPageLink"/>
    <linkSource sourcePageID="A1547BC9-587E-426C-8EB2-59C40FCCD726" comID="529102A2-3B94-4C90-9F43-CC4A073AF16A" comLinkType="cltPageLink"/>
    <linkSource sourcePageID="C85ED775-4585-4E2B-B967-B6AE74466731" comID="529102A2-3B94-4C90-9F43-CC4A073AF16A" comLinkType="cltPageLink"/>
  </page>
  <page ID="C85ED775-4585-4E2B-B967-B6AE74466731">
    <linkSource sourcePageID="08EEE71A-F3FC-4337-A2BA-EC3EAD59D359" comID="3AE646E3-2C74-474D-8FE7-5FEF60BC0E0A" comLinkType="cltPageLink"/>
  </page>
  <page ID="A1547BC9-587E-426C-8EB2-59C40FCCD726">
    <linkSource sourcePageID="FCAE330E-455A-4CC0-BE53-E592DE26CF08" comID="529102A2-3B94-4C90-9F43-CC4A073AF16A" comLinkType="cltPageLink"/>
    <linkSource sourcePageID="FCAE330E-455A-4CC0-BE53-E592DE26CF08" comID="6EC5CA2C-F9A4-44C9-865F-1ED220FF9D5C" comLinkType="cltPageLink"/>
    <linkSource sourcePageID="08EEE71A-F3FC-4337-A2BA-EC3EAD59D359" comID="F5777008-6DA6-476E-8C73-D8C9D79CA9CF" comLinkType="cltPageLink"/>
  </page>
  <page ID="FCAE330E-455A-4CC0-BE53-E592DE26CF08">
    <linkSource sourcePageID="A1547BC9-587E-426C-8EB2-59C40FCCD726" comID="BD98C0F9-96D8-4CDA-991A-A15D51D317CB" comLinkType="cltPageLink"/>
  </page>
  <page ID="4903C713-A1F2-434F-87A1-D2D4A380E1EB">
    <linkSource sourcePageID="B061FE9C-DD15-4C37-9E65-EE65602CB6AF" comID="73802E1A-337A-4C52-BA0E-EC75B0E60985" comLinkType="cltPageLink"/>
    <linkSource sourcePageID="EA6D252E-B4DD-481E-B216-C0B642E43A04" comID="A5130D2C-1156-457D-986A-68F0DCB36701" comLinkType="cltPageLink"/>
    <linkSource sourcePageID="EA6D252E-B4DD-481E-B216-C0B642E43A04" comID="529102A2-3B94-4C90-9F43-CC4A073AF16A" comLinkType="cltPageLink"/>
  </page>
  <page ID="AE3ED981-AA5D-49F1-A2BE-366FC36A7393">
    <linkSource sourcePageID="EA6D252E-B4DD-481E-B216-C0B642E43A04" comID="A5130D2C-1156-457D-986A-68F0DCB36701" comLinkType="cltPageLink"/>
  </page>
  <page ID="CB297DC6-4427-4D26-8695-4FEE70649189">
    <linkSource sourcePageID="CB297DC6-4427-4D26-8695-4FEE70649189" comID="AD1FEB31-1A0D-4BC2-8159-A29028252C76" comLinkType="cltPageLink"/>
    <linkSource sourcePageID="AE3ED981-AA5D-49F1-A2BE-366FC36A7393" comID="CA6F3A1B-CFD8-4C92-8765-B1D46A9C3EDD" comLinkType="cltPageLink"/>
    <linkSource sourcePageID="4903C713-A1F2-434F-87A1-D2D4A380E1EB" comID="CA6F3A1B-CFD8-4C92-8765-B1D46A9C3EDD" comLinkType="cltPageLink"/>
  </page>
  <page ID="6806B9E4-5E0A-4224-97A5-A21FFED1923D">
    <linkSource sourcePageID="CB297DC6-4427-4D26-8695-4FEE70649189" comID="AD1FEB31-1A0D-4BC2-8159-A29028252C76" comLinkType="cltPageLink"/>
    <linkSource sourcePageID="C85ED775-4585-4E2B-B967-B6AE74466731" comID="7BA4265F-890F-47BA-8E74-8CEF66A6C519" comLinkType="cltPageLink"/>
    <linkSource sourcePageID="C85ED775-4585-4E2B-B967-B6AE74466731" comID="44FB9D7D-A8A7-48F0-B7F7-D0A8CD85283F" comLinkType="cltPageLink"/>
    <linkSource sourcePageID="C85ED775-4585-4E2B-B967-B6AE74466731" comID="E2A94B5B-B1C3-4219-A1D9-3CE1EFB13FF5" comLinkType="cltPageLink"/>
    <linkSource sourcePageID="C85ED775-4585-4E2B-B967-B6AE74466731" comID="AB421C2D-19D0-4238-9A49-78D0613893A2" comLinkType="cltPageLink"/>
    <linkSource sourcePageID="7DB56864-BD63-4DD8-B953-CE7B173C2B98" comID="2551D81F-B53A-4639-B7E3-9BA6BA77FF06" comLinkType="cltPageLink"/>
  </page>
  <page ID="EA6D252E-B4DD-481E-B216-C0B642E43A04">
    <linkSource sourcePageID="4903C713-A1F2-434F-87A1-D2D4A380E1EB" comID="BC7BBA9B-83F3-47DC-B2F1-037AE6ADDF9C" comLinkType="cltPageLink"/>
    <linkSource sourcePageID="4903C713-A1F2-434F-87A1-D2D4A380E1EB" comID="96EFA3B8-69AF-4F62-A5BB-36F91C56EAEE" comLinkType="cltPageLink"/>
    <linkSource sourcePageID="AE3ED981-AA5D-49F1-A2BE-366FC36A7393" comID="BC7BBA9B-83F3-47DC-B2F1-037AE6ADDF9C" comLinkType="cltPageLink"/>
    <linkSource sourcePageID="AE3ED981-AA5D-49F1-A2BE-366FC36A7393" comID="96EFA3B8-69AF-4F62-A5BB-36F91C56EAEE" comLinkType="cltPageLink"/>
    <linkSource sourcePageID="CB297DC6-4427-4D26-8695-4FEE70649189" comID="BC7BBA9B-83F3-47DC-B2F1-037AE6ADDF9C" comLinkType="cltPageLink"/>
    <linkSource sourcePageID="CB297DC6-4427-4D26-8695-4FEE70649189" comID="96EFA3B8-69AF-4F62-A5BB-36F91C56EAEE" comLinkType="cltPageLink"/>
  </page>
  <page ID="E771F584-AC03-4C89-8C48-F5D32C0C3258">
    <linkSource sourcePageID="9F7D5BE6-9963-4118-95A3-25EDA4EF2F16" comID="529102A2-3B94-4C90-9F43-CC4A073AF16A" comLinkType="cltPageLink"/>
    <linkSource sourcePageID="9CFB30DC-8430-4CBA-90D9-3E6389443D4F" comID="529102A2-3B94-4C90-9F43-CC4A073AF16A" comLinkType="cltPageLink"/>
    <linkSource sourcePageID="8732FCD6-883E-4292-B8D8-AEC78EB74718" comID="529102A2-3B94-4C90-9F43-CC4A073AF16A" comLinkType="cltPageLink"/>
    <linkSource sourcePageID="FD6C4CAF-1EB9-4177-B981-766ADF8F4F5C" comID="BC97BA2C-1AED-4602-B53D-6B90BB632548" comLinkType="cltPageLink"/>
    <linkSource sourcePageID="D4A98C33-F8B1-4C25-8D50-E61170F392FA" comID="529102A2-3B94-4C90-9F43-CC4A073AF16A" comLinkType="cltPageLink"/>
    <linkSource sourcePageID="1C9D7244-6450-4A48-977A-655D8102239E" comID="529102A2-3B94-4C90-9F43-CC4A073AF16A" comLinkType="cltPageLink"/>
    <linkSource sourcePageID="C3C8734F-2235-403B-A730-100BD7AF670C" comID="529102A2-3B94-4C90-9F43-CC4A073AF16A" comLinkType="cltPageLink"/>
    <linkSource sourcePageID="DBA1FA5B-BCA8-4D09-B24A-DC89FB9BC325" comID="529102A2-3B94-4C90-9F43-CC4A073AF16A" comLinkType="cltPageLink"/>
  </page>
  <page ID="9F7D5BE6-9963-4118-95A3-25EDA4EF2F16">
    <linkSource sourcePageID="9F7D5BE6-9963-4118-95A3-25EDA4EF2F16" comID="7A94089C-5CE2-47B4-BDCA-43EE23C354FA" comLinkType="cltPageLink"/>
    <linkSource sourcePageID="E771F584-AC03-4C89-8C48-F5D32C0C3258" comID="56BA6113-13B0-4108-A479-773972FBB365" comLinkType="cltPageLink"/>
    <linkSource sourcePageID="1C9D7244-6450-4A48-977A-655D8102239E" comID="04B3124C-7CF5-48C5-A320-0C73BD8B1ADD" comLinkType="cltPageLink"/>
    <linkSource sourcePageID="7DB56864-BD63-4DD8-B953-CE7B173C2B98" comID="2551D81F-B53A-4639-B7E3-9BA6BA77FF06" comLinkType="cltPageLink"/>
  </page>
  <page ID="24676264-C3F8-4180-99CF-BBDFE15452B1">
    <linkSource sourcePageID="24676264-C3F8-4180-99CF-BBDFE15452B1" comID="7A94089C-5CE2-47B4-BDCA-43EE23C354FA" comLinkType="cltPageLink"/>
    <linkSource sourcePageID="24676264-C3F8-4180-99CF-BBDFE15452B1" comID="F97F3FAD-0511-4A5A-A8CF-DB40572F54B6" comLinkType="cltPageLink"/>
    <linkSource sourcePageID="9F7D5BE6-9963-4118-95A3-25EDA4EF2F16" comID="7A94089C-5CE2-47B4-BDCA-43EE23C354FA" comLinkType="cltPageLink"/>
  </page>
  <page ID="8732FCD6-883E-4292-B8D8-AEC78EB74718">
    <linkSource sourcePageID="24676264-C3F8-4180-99CF-BBDFE15452B1" comID="F97F3FAD-0511-4A5A-A8CF-DB40572F54B6" comLinkType="cltPageLink"/>
    <linkSource sourcePageID="CB297DC6-4427-4D26-8695-4FEE70649189" comID="3B869186-29B1-47BA-856B-9D434E741CE7" comLinkType="cltPageLink"/>
    <linkSource sourcePageID="CB297DC6-4427-4D26-8695-4FEE70649189" comID="AD1FEB31-1A0D-4BC2-8159-A29028252C76" comLinkType="cltPageLink"/>
  </page>
  <page ID="9CFB30DC-8430-4CBA-90D9-3E6389443D4F">
    <linkSource sourcePageID="9CFB30DC-8430-4CBA-90D9-3E6389443D4F" comID="7A94089C-5CE2-47B4-BDCA-43EE23C354FA" comLinkType="cltPageLink"/>
    <linkSource sourcePageID="E771F584-AC03-4C89-8C48-F5D32C0C3258" comID="8631DD87-C410-46F2-8574-C2B484E44045" comLinkType="cltPageLink"/>
  </page>
  <page ID="DBA1FA5B-BCA8-4D09-B24A-DC89FB9BC325">
    <linkSource sourcePageID="E771F584-AC03-4C89-8C48-F5D32C0C3258" comID="CF4C2A3F-B56F-4B09-BD95-FC29413EAEC1" comLinkType="cltPageLink"/>
  </page>
  <page ID="D4A98C33-F8B1-4C25-8D50-E61170F392FA">
    <linkSource sourcePageID="1C9D7244-6450-4A48-977A-655D8102239E" comID="529102A2-3B94-4C90-9F43-CC4A073AF16A" comLinkType="cltPageLink"/>
    <linkSource sourcePageID="44EB8599-1612-4B95-B00F-07EFDD937D77" comID="529102A2-3B94-4C90-9F43-CC4A073AF16A" comLinkType="cltPageLink"/>
    <linkSource sourcePageID="8732FCD6-883E-4292-B8D8-AEC78EB74718" comID="529102A2-3B94-4C90-9F43-CC4A073AF16A" comLinkType="cltPageLink"/>
    <linkSource sourcePageID="FD6C4CAF-1EB9-4177-B981-766ADF8F4F5C" comID="7AEAD430-6F4D-4DE5-A4F9-43A84F3E469E" comLinkType="cltPageLink"/>
    <linkSource sourcePageID="7DB56864-BD63-4DD8-B953-CE7B173C2B98" comID="529102A2-3B94-4C90-9F43-CC4A073AF16A" comLinkType="cltPageLink"/>
  </page>
  <page ID="1C9D7244-6450-4A48-977A-655D8102239E">
    <linkSource sourcePageID="D4A98C33-F8B1-4C25-8D50-E61170F392FA" comID="6721F088-4328-4534-BEBA-8D667371D53C" comLinkType="cltPageLink"/>
    <linkSource sourcePageID="9CFB30DC-8430-4CBA-90D9-3E6389443D4F" comID="58B00408-5AB5-41CA-AA3F-0826DE63B0C8" comLinkType="cltPageLink"/>
    <linkSource sourcePageID="44EB8599-1612-4B95-B00F-07EFDD937D77" comID="529102A2-3B94-4C90-9F43-CC4A073AF16A" comLinkType="cltPageLink"/>
    <linkSource sourcePageID="C3C8734F-2235-403B-A730-100BD7AF670C" comID="6721F088-4328-4534-BEBA-8D667371D53C" comLinkType="cltPageLink"/>
  </page>
  <page ID="7DB56864-BD63-4DD8-B953-CE7B173C2B98">
    <linkSource sourcePageID="D4A98C33-F8B1-4C25-8D50-E61170F392FA" comID="FA5A8579-AAFD-40DE-83F9-F2192426B028" comLinkType="cltPageLink"/>
  </page>
  <page ID="44EB8599-1612-4B95-B00F-07EFDD937D77">
    <linkSource sourcePageID="1C9D7244-6450-4A48-977A-655D8102239E" comID="BF615C20-CAA1-444C-9E50-9982BF4C8301" comLinkType="cltPageLink"/>
  </page>
  <page ID="C3C8734F-2235-403B-A730-100BD7AF670C">
    <linkSource sourcePageID="44EB8599-1612-4B95-B00F-07EFDD937D77" comID="DBD2B2C7-BF2A-4936-BE6F-29214877411C" comLinkType="cltPageLink"/>
  </page>
</LinkSources>