﻿<mockup version="4.8" minAllowVersion="4.8" ID="08EEE71A-F3FC-4337-A2BA-EC3EAD59D359" platform="MtMobile" defaultW="375" defaultH="667" screenOrientation="MoPortrait" mobileScreenScale="1.77777779102325" measureW="375" measureH="667" clipArea="(0,0,0,0)">
  <controls controlCount="9">
    <control controlID="529102A2-3B94-4C90-9F43-CC4A073AF16A" controlTypeID="Top ActionBar" x="0" y="20" w="375" h="48" zOrder="0">
      <color>4292730333</color>
      <links eventType="AtClick" animate="AmNone" animateAutoDelay="0" animateDuration="500">
        <link targetPageID="FD6C4CAF-1EB9-4177-B981-766ADF8F4F5C" linkType="ltPageLink" isApplyIncludePage="False" title="%E9%A6%96%E9%A1%B5">
          <area shape="0" alt="" ID="{865DC430-2B28-4E02-9960-B8391A7D34C8}" coords="(2,4,42,44)"/>
        </link>
        <link targetPageID="" linkType="ltPageLink" isApplyIncludePage="False" title="%E8%8F%9C%E5%8D%95">
          <area shape="0" alt="" ID="{35E3D3FD-0E76-41C6-9B21-2FBF4C707AB8}" coords="(328,4,368,44)"/>
        </link>
      </links>
      <font family="%E5%BE%AE%E8%BD%AF%E9%9B%85%E9%BB%91" displayName="%E5%BE%AE%E8%BD%AF%E9%9B%85%E9%BB%91" postScript="" weightStyle="Regular" weight="400" isBold="False" isItalic="False"/>
      <text>%E4%B8%AA%E4%BA%BA%E4%BF%A1%E6%81%AF</text>
      <textSize>14</textSize>
      <lineSpacing>18</lineSpacing>
    </control>
    <control controlID="870737A8-7B9C-4A2A-A7C9-E1BBC1B94195" controlTypeID="StatusBar(IOS)" x="0" y="0" w="375" h="20" zOrder="1"/>
    <control controlID="7DC97521-7C72-4631-82B8-DDE00C2C165E" controlTypeID="Image" x="45" y="114" w="52" h="52" zOrder="2">
      <clipShapeType>SbEllipse</clipShapeType>
    </control>
    <control controlID="9A693B3D-2806-48B5-A315-F97925E53140" controlTypeID="Label" x="135" y="114" w="47" h="19" zOrder="3">
      <font family="%E5%BE%AE%E8%BD%AF%E9%9B%85%E9%BB%91" displayName="%E5%BE%AE%E8%BD%AF%E9%9B%85%E9%BB%91" postScript="" weightStyle="Regular" weight="400" isBold="False" isItalic="False"/>
      <text>%E9%A1%B9%E7%9B%AE%E7%BB%84</text>
      <lineSpacing>18</lineSpacing>
      <selectedIndex>-1</selectedIndex>
    </control>
    <control controlID="3AE646E3-2C74-474D-8FE7-5FEF60BC0E0A" controlTypeID="Label" x="45" y="228" w="89" h="19" zOrder="4">
      <links eventType="AtClick" animate="AmNone" animateAutoDelay="0" animateDuration="500">
        <link targetPageID="C85ED775-4585-4E2B-B967-B6AE74466731" linkType="ltPageLink" isApplyIncludePage="False" title="%E6%88%91%E7%9A%84%E9%A2%84%E7%BA%A6%E8%AE%B0%E5%BD%95">
          <area shape="0" alt="" ID="{DD627B8D-CDCF-4980-99B1-F56C6A67A6DD}" coords="(0,0,89,19)"/>
        </link>
      </links>
      <font family="%E5%BE%AE%E8%BD%AF%E9%9B%85%E9%BB%91" displayName="%E5%BE%AE%E8%BD%AF%E9%9B%85%E9%BB%91" postScript="" weightStyle="Regular" weight="400" isBold="False" isItalic="False"/>
      <text>%E6%88%91%E7%9A%84%E9%A2%84%E7%BA%A6%E8%AE%B0%E5%BD%95</text>
      <lineSpacing>18</lineSpacing>
      <selectedIndex>-1</selectedIndex>
    </control>
    <control controlID="9599D030-4380-4658-9962-60080D904796" controlTypeID="Label" x="134" y="143" w="75" h="19" zOrder="5">
      <font family="%E5%BE%AE%E8%BD%AF%E9%9B%85%E9%BB%91" displayName="%E5%BE%AE%E8%BD%AF%E9%9B%85%E9%BB%91" postScript="" weightStyle="Regular" weight="400" isBold="False" isItalic="False"/>
      <text>%E5%BB%8A%E5%9D%8A%E9%A1%B9%E7%9B%AE%E7%BB%84</text>
      <lineSpacing>18</lineSpacing>
      <selectedIndex>-1</selectedIndex>
    </control>
    <control controlID="07D05D49-216B-4C0E-A2FA-5C67988FE7FB" controlTypeID="HRule" x="46" y="248" w="283" h="12" zOrder="6">
      <opacity>0.400000005960464</opacity>
    </control>
    <control controlID="F5777008-6DA6-476E-8C73-D8C9D79CA9CF" controlTypeID="Label" x="46" y="282" w="103" h="19" zOrder="7">
      <links eventType="AtClick" animate="AmNone" animateAutoDelay="0" animateDuration="500">
        <link targetPageID="A1547BC9-587E-426C-8EB2-59C40FCCD726" linkType="ltPageLink" isApplyIncludePage="False" title="%E8%AE%BE%E7%BD%AE%E9%82%80%E8%AF%B7%E5%87%BD%E6%A8%A1%E7%89%88">
          <area shape="0" alt="" ID="{5B1D628A-6420-4984-BD39-3872026944D6}" coords="(0,0,103,19)"/>
        </link>
      </links>
      <font family="%E5%BE%AE%E8%BD%AF%E9%9B%85%E9%BB%91" displayName="%E5%BE%AE%E8%BD%AF%E9%9B%85%E9%BB%91" postScript="" weightStyle="Regular" weight="400" isBold="False" isItalic="False"/>
      <text>%E8%AE%BE%E7%BD%AE%E9%82%80%E8%AF%B7%E5%87%BD%E6%A8%A1%E7%89%88</text>
      <lineSpacing>18</lineSpacing>
      <selectedIndex>-1</selectedIndex>
    </control>
    <control controlID="7AD98316-7DDD-4F04-BC9E-D19E61D0098A" controlTypeID="HRule" x="47" y="302" w="283" h="12" zOrder="8">
      <opacity>0.400000005960464</opacity>
    </control>
  </controls>
  <param>
    <backgroundColor>4294967295</backgroundColor>
    <fontSize>0</fontSize>
    <fontFamily/>
    <guideLines/>
  </param>
</mockup>