﻿<mockup version="4.8" minAllowVersion="4.8" ID="FD6C4CAF-1EB9-4177-B981-766ADF8F4F5C" platform="MtMobile" defaultW="375" defaultH="667" screenOrientation="MoPortrait" mobileScreenScale="1.77777779102325" measureW="375" measureH="667" clipArea="(0,0,0,0)">
  <controls controlCount="28">
    <control controlID="529102A2-3B94-4C90-9F43-CC4A073AF16A" controlTypeID="Top ActionBar" x="0" y="20" w="375" h="48" zOrder="0">
      <color>4292730333</color>
      <font family="%E5%BE%AE%E8%BD%AF%E9%9B%85%E9%BB%91" displayName="%E5%BE%AE%E8%BD%AF%E9%9B%85%E9%BB%91" postScript="" weightStyle="Regular" weight="400" isBold="False" isItalic="False"/>
      <text>%E6%B6%88%E6%81%AF%E8%AF%A6%E6%83%85</text>
      <textSize>14</textSize>
      <lineSpacing>18</lineSpacing>
    </control>
    <control controlID="870737A8-7B9C-4A2A-A7C9-E1BBC1B94195" controlTypeID="StatusBar(IOS)" x="0" y="0" w="375" h="20" zOrder="1"/>
    <control controlID="1034FE2F-72F7-4F33-A2FC-520ED3CC1B43" controlTypeID="Label" x="42" y="94" w="173" h="19" zOrder="2">
      <font family="%E5%BE%AE%E8%BD%AF%E9%9B%85%E9%BB%91" displayName="%E5%BE%AE%E8%BD%AF%E9%9B%85%E9%BB%91" postScript="" weightStyle="Regular" weight="400" isBold="False" isItalic="False"/>
      <text>%E4%BC%9A%E8%AE%AE%E5%90%8D%E7%A7%B0%EF%BC%9A%E5%86%AC%E9%98%B2%E4%B8%93%E9%A1%B9%E7%A0%94%E8%AE%A8%E4%BC%9A</text>
      <lineSpacing>18</lineSpacing>
      <selectedIndex>-1</selectedIndex>
    </control>
    <control controlID="F19473E0-A2FD-4334-BE48-65AE21E42D87" controlTypeID="Label" x="42" y="127" w="145" h="19" zOrder="3">
      <font family="%E5%BE%AE%E8%BD%AF%E9%9B%85%E9%BB%91" displayName="%E5%BE%AE%E8%BD%AF%E9%9B%85%E9%BB%91" postScript="" weightStyle="Regular" weight="400" isBold="False" isItalic="False"/>
      <text>%E7%94%B3%E8%AF%B7%E4%BA%BA%E5%91%98%EF%BC%9A%E9%82%AF%E9%83%B8%E9%A1%B9%E7%9B%AE%E7%BB%84</text>
      <lineSpacing>18</lineSpacing>
      <selectedIndex>-1</selectedIndex>
    </control>
    <control controlID="DD99E504-BB59-46D4-AA20-26ACB8F01499" controlTypeID="Label" x="42" y="156" w="181" h="19" zOrder="4">
      <font family="%E5%BE%AE%E8%BD%AF%E9%9B%85%E9%BB%91" displayName="%E5%BE%AE%E8%BD%AF%E9%9B%85%E9%BB%91" postScript="" weightStyle="Regular" weight="400" isBold="False" isItalic="False"/>
      <text>%E4%BC%9A%E8%AE%AE%E6%97%B6%E9%97%B4%EF%BC%9A2017%E5%B9%B410%E6%9C%8820%E6%97%A5</text>
      <lineSpacing>18</lineSpacing>
      <selectedIndex>-1</selectedIndex>
    </control>
    <control controlID="05DE830F-7128-476A-932E-A7FF255A4188" controlTypeID="Label" x="42" y="185" w="159" h="19" zOrder="5">
      <font family="%E5%BE%AE%E8%BD%AF%E9%9B%85%E9%BB%91" displayName="%E5%BE%AE%E8%BD%AF%E9%9B%85%E9%BB%91" postScript="" weightStyle="Regular" weight="400" isBold="False" isItalic="False"/>
      <text>%E4%BC%9A%E8%AE%AE%E5%9C%B0%E7%82%B9%EF%BC%9A%E9%82%AF%E9%83%B8%E5%B8%82%E7%8E%AF%E4%BF%9D%E5%B1%80</text>
      <lineSpacing>18</lineSpacing>
      <selectedIndex>-1</selectedIndex>
    </control>
    <control controlID="E2EFF737-93BE-4E67-AF71-76D43A6365F2" controlTypeID="Label" x="42" y="243" w="313" h="19" zOrder="6">
      <font family="%E5%BE%AE%E8%BD%AF%E9%9B%85%E9%BB%91" displayName="%E5%BE%AE%E8%BD%AF%E9%9B%85%E9%BB%91" postScript="" weightStyle="Regular" weight="400" isBold="False" isItalic="False"/>
      <text>%E4%BC%9A%E8%AE%AE%E4%B8%BB%E9%A2%98%EF%BC%9A%E9%92%88%E5%AF%B9%E4%BB%8A%E5%B9%B4%E5%86%AC%E9%98%B2%EF%BC%8C%E9%82%AF%E9%83%B8%E5%B8%82%E5%AF%B9%E4%BA%8E%E9%92%A2%E5%8E%82%E7%9A%84%E7%AE%A1%E6%8E%A7</text>
      <lineSpacing>18</lineSpacing>
      <selectedIndex>-1</selectedIndex>
    </control>
    <control controlID="0115AA69-8E41-40BF-9EE2-AF472C8EC9D6" controlTypeID="Label" x="42" y="272" w="133" h="19" zOrder="7">
      <font family="%E5%BE%AE%E8%BD%AF%E9%9B%85%E9%BB%91" displayName="%E5%BE%AE%E8%BD%AF%E9%9B%85%E9%BB%91" postScript="" weightStyle="Regular" weight="400" isBold="False" isItalic="False"/>
      <text>%E4%BC%9A%E8%AE%AE%E8%A7%84%E6%A8%A1%EF%BC%9A10%7E20%E4%BA%BA</text>
      <lineSpacing>18</lineSpacing>
      <selectedIndex>-1</selectedIndex>
    </control>
    <control controlID="B51B4E33-5280-4B73-B32D-563DDE38D694" controlTypeID="Label" x="42" y="214" w="131" h="19" zOrder="8">
      <font family="%E5%BE%AE%E8%BD%AF%E9%9B%85%E9%BB%91" displayName="%E5%BE%AE%E8%BD%AF%E9%9B%85%E9%BB%91" postScript="" weightStyle="Regular" weight="400" isBold="False" isItalic="False"/>
      <text>%E4%BC%9A%E8%AE%AE%E7%B1%BB%E5%9E%8B%EF%BC%9A%E7%8E%B0%E5%9C%BA%E4%BC%9A%E8%AE%AE</text>
      <lineSpacing>18</lineSpacing>
      <selectedIndex>-1</selectedIndex>
    </control>
    <control controlID="FC4F22CB-C781-47FC-8C2F-571D81EFDB74" controlTypeID="Label" x="42" y="301" w="131" h="19" zOrder="9">
      <font family="%E5%BE%AE%E8%BD%AF%E9%9B%85%E9%BB%91" displayName="%E5%BE%AE%E8%BD%AF%E9%9B%85%E9%BB%91" postScript="" weightStyle="Regular" weight="400" isBold="False" isItalic="False"/>
      <text>%E6%8E%A5%E5%BE%85%E6%A0%87%E5%87%86%EF%BC%9A%E4%BA%8C%E7%BA%A7%E6%A0%87%E5%87%86</text>
      <lineSpacing>18</lineSpacing>
      <selectedIndex>-1</selectedIndex>
    </control>
    <control controlID="6E28C684-DED5-4E86-BC05-07263FCBC2A2" controlTypeID="Label" x="42" y="330" w="145" h="19" zOrder="10">
      <font family="%E5%BE%AE%E8%BD%AF%E9%9B%85%E9%BB%91" displayName="%E5%BE%AE%E8%BD%AF%E9%9B%85%E9%BB%91" postScript="" weightStyle="Regular" weight="400" isBold="False" isItalic="False"/>
      <text>%E4%BC%9A%E8%AE%AE%E8%B4%B9%E7%94%A8%EF%BC%9A%E9%A1%B9%E7%9B%AE%E7%BB%84%E6%89%BF%E6%8B%85</text>
      <lineSpacing>18</lineSpacing>
      <selectedIndex>-1</selectedIndex>
    </control>
    <control controlID="449BA09D-C09C-4571-9021-3E2991925FA0" controlTypeID="Label" x="42" y="366" w="103" h="19" zOrder="11">
      <font family="%E5%BE%AE%E8%BD%AF%E9%9B%85%E9%BB%91" displayName="%E5%BE%AE%E8%BD%AF%E9%9B%85%E9%BB%91" postScript="" weightStyle="Regular" weight="400" isBold="False" isItalic="False"/>
      <text>%E6%8B%9F%E9%82%80%E7%BA%A6%E4%B8%93%E5%AE%B6%E5%90%8D%E5%8D%95</text>
      <lineSpacing>18</lineSpacing>
      <selectedIndex>-1</selectedIndex>
    </control>
    <control controlID="F0A9C5E2-45A3-41F7-8223-DBD60F2719A8" controlTypeID="Label" x="42" y="402" w="75" h="19" zOrder="12">
      <font family="%E5%BE%AE%E8%BD%AF%E9%9B%85%E9%BB%91" displayName="%E5%BE%AE%E8%BD%AF%E9%9B%85%E9%BB%91" postScript="" weightStyle="Regular" weight="400" isBold="False" isItalic="False"/>
      <text>%E5%BF%85%E5%87%BA%E5%B8%AD%E5%90%8D%E5%8D%95</text>
      <lineSpacing>18</lineSpacing>
      <selectedIndex>-1</selectedIndex>
    </control>
    <control controlID="1EA9BE17-B36B-4FF2-B3C5-00EF5FB00274" controlTypeID="Label" x="42" y="431" w="34" h="19" zOrder="13">
      <font family="%E5%BE%AE%E8%BD%AF%E9%9B%85%E9%BB%91" displayName="%E5%BE%AE%E8%BD%AF%E9%9B%85%E9%BB%91" postScript="" weightStyle="Regular" weight="400" isBold="False" isItalic="False"/>
      <text>%E7%8E%8Bxx</text>
      <lineSpacing>18</lineSpacing>
      <selectedIndex>-1</selectedIndex>
    </control>
    <control controlID="25115398-FC33-40E5-9799-321B0ED6B9F2" controlTypeID="Label" x="127" y="431" w="34" h="19" zOrder="14">
      <font family="%E5%BE%AE%E8%BD%AF%E9%9B%85%E9%BB%91" displayName="%E5%BE%AE%E8%BD%AF%E9%9B%85%E9%BB%91" postScript="" weightStyle="Regular" weight="400" isBold="False" isItalic="False"/>
      <text>%E5%88%98xx</text>
      <lineSpacing>18</lineSpacing>
      <selectedIndex>-1</selectedIndex>
    </control>
    <control controlID="F714601E-8C00-49FE-92DB-9AA2BA697B89" controlTypeID="Label" x="212" y="431" w="34" h="19" zOrder="15">
      <font family="%E5%BE%AE%E8%BD%AF%E9%9B%85%E9%BB%91" displayName="%E5%BE%AE%E8%BD%AF%E9%9B%85%E9%BB%91" postScript="" weightStyle="Regular" weight="400" isBold="False" isItalic="False"/>
      <text>%E5%BC%A0xx</text>
      <lineSpacing>18</lineSpacing>
      <selectedIndex>-1</selectedIndex>
    </control>
    <control controlID="67D8D5D3-6AAB-4EB3-A150-6F7B591C5A1D" controlTypeID="Label" x="296" y="430" w="34" h="19" zOrder="16">
      <font family="%E5%BE%AE%E8%BD%AF%E9%9B%85%E9%BB%91" displayName="%E5%BE%AE%E8%BD%AF%E9%9B%85%E9%BB%91" postScript="" weightStyle="Regular" weight="400" isBold="False" isItalic="False"/>
      <text>%E5%BC%A0xx</text>
      <lineSpacing>18</lineSpacing>
      <selectedIndex>-1</selectedIndex>
    </control>
    <control controlID="015B18F0-E32D-4B23-B8DD-32DD33949B8A" controlTypeID="Label" x="42" y="460" w="34" h="19" zOrder="17">
      <font family="%E5%BE%AE%E8%BD%AF%E9%9B%85%E9%BB%91" displayName="%E5%BE%AE%E8%BD%AF%E9%9B%85%E9%BB%91" postScript="" weightStyle="Regular" weight="400" isBold="False" isItalic="False"/>
      <text>%E7%8E%8Bxx</text>
      <lineSpacing>18</lineSpacing>
      <selectedIndex>-1</selectedIndex>
    </control>
    <control controlID="8476C206-8997-40CA-8E3C-7918FE9EF13E" controlTypeID="Label" x="42" y="489" w="89" h="19" zOrder="18">
      <font family="%E5%BE%AE%E8%BD%AF%E9%9B%85%E9%BB%91" displayName="%E5%BE%AE%E8%BD%AF%E9%9B%85%E9%BB%91" postScript="" weightStyle="Regular" weight="400" isBold="False" isItalic="False"/>
      <text>%E5%B0%BD%E9%87%8F%E9%82%80%E8%AF%B7%E5%90%8D%E5%8D%95</text>
      <lineSpacing>18</lineSpacing>
      <selectedIndex>-1</selectedIndex>
    </control>
    <control controlID="DEE53A01-3652-4CE1-BD37-94C5DDF84723" controlTypeID="Label" x="42" y="519" w="34" h="19" zOrder="19">
      <font family="%E5%BE%AE%E8%BD%AF%E9%9B%85%E9%BB%91" displayName="%E5%BE%AE%E8%BD%AF%E9%9B%85%E9%BB%91" postScript="" weightStyle="Regular" weight="400" isBold="False" isItalic="False"/>
      <text>%E7%8E%8Bxx</text>
      <lineSpacing>18</lineSpacing>
      <selectedIndex>-1</selectedIndex>
    </control>
    <control controlID="49FB5299-3F7E-48C7-A536-5D7B11698B03" controlTypeID="Label" x="127" y="519" w="34" h="19" zOrder="20">
      <font family="%E5%BE%AE%E8%BD%AF%E9%9B%85%E9%BB%91" displayName="%E5%BE%AE%E8%BD%AF%E9%9B%85%E9%BB%91" postScript="" weightStyle="Regular" weight="400" isBold="False" isItalic="False"/>
      <text>%E5%88%98xx</text>
      <lineSpacing>18</lineSpacing>
      <selectedIndex>-1</selectedIndex>
    </control>
    <control controlID="0E8A0237-3E86-4685-A158-7FB60A637221" controlTypeID="Label" x="212" y="519" w="34" h="19" zOrder="21">
      <font family="%E5%BE%AE%E8%BD%AF%E9%9B%85%E9%BB%91" displayName="%E5%BE%AE%E8%BD%AF%E9%9B%85%E9%BB%91" postScript="" weightStyle="Regular" weight="400" isBold="False" isItalic="False"/>
      <text>%E5%BC%A0xx</text>
      <lineSpacing>18</lineSpacing>
      <selectedIndex>-1</selectedIndex>
    </control>
    <control controlID="311E6806-3005-48F5-B8C3-B3A13FB9E317" controlTypeID="Label" x="296" y="518" w="34" h="19" zOrder="22">
      <font family="%E5%BE%AE%E8%BD%AF%E9%9B%85%E9%BB%91" displayName="%E5%BE%AE%E8%BD%AF%E9%9B%85%E9%BB%91" postScript="" weightStyle="Regular" weight="400" isBold="False" isItalic="False"/>
      <text>%E5%BC%A0xx</text>
      <lineSpacing>18</lineSpacing>
      <selectedIndex>-1</selectedIndex>
    </control>
    <control controlID="C085B21E-65B9-4BE8-BE23-D33B5D5EEFAB" controlTypeID="Button" x="84" y="584" w="185" h="31" zOrder="23">
      <font family="%E5%BE%AE%E8%BD%AF%E9%9B%85%E9%BB%91" displayName="%E5%BE%AE%E8%BD%AF%E9%9B%85%E9%BB%91" postScript="" weightStyle="Regular" weight="400" isBold="False" isItalic="False"/>
      <text>%E5%B7%B2%E5%8F%91%E9%80%81%E9%82%80%E8%AF%B7%E5%87%BD</text>
      <lineSpacing>18</lineSpacing>
      <selectedIndex>-1</selectedIndex>
    </control>
    <control controlID="0DFDA4A7-BD36-44D9-A1A9-7F823E995ED3" controlTypeID="ModalScreen" x="0" y="0" w="375" h="667" zOrder="24"/>
    <control controlID="1BDE2D93-90DA-4836-84D4-934ACF52D69E" controlTypeID="Shape" x="73" y="251" w="229" h="120" zOrder="25">
      <font family="%E5%BE%AE%E8%BD%AF%E9%9B%85%E9%BB%91" displayName="%E5%BE%AE%E8%BD%AF%E9%9B%85%E9%BB%91" postScript="" weightStyle="Regular" weight="400" isBold="False" isItalic="False"/>
      <textSize>14</textSize>
      <lineSpacing>18</lineSpacing>
      <selectedIndex>-1</selectedIndex>
      <radius>12</radius>
    </control>
    <control controlID="04D88226-2C1A-4071-9810-663214C68E4F" controlTypeID="Label" x="135" y="277" w="103" h="19" zOrder="26">
      <font family="%E5%BE%AE%E8%BD%AF%E9%9B%85%E9%BB%91" displayName="%E5%BE%AE%E8%BD%AF%E9%9B%85%E9%BB%91" postScript="" weightStyle="Regular" weight="400" isBold="False" isItalic="False"/>
      <text>%E9%82%80%E8%AF%B7%E5%87%BD%E5%8F%91%E9%80%81%E6%88%90%E5%8A%9F</text>
      <lineSpacing>18</lineSpacing>
      <selectedIndex>-1</selectedIndex>
    </control>
    <control controlID="F97F3FAD-0511-4A5A-A8CF-DB40572F54B6" controlTypeID="Button" x="155" y="325" w="60" h="30" zOrder="27">
      <links eventType="AtClick" animate="AmNone" animateAutoDelay="0" animateDuration="500">
        <link targetPageID="8732FCD6-883E-4292-B8D8-AEC78EB74718" linkType="ltPageLink" isApplyIncludePage="False" title="%E6%B6%88%E6%81%AF%E5%8F%91%E9%80%81%E6%88%90%E5%8A%9F1">
          <area shape="0" alt="" ID="{ACADD832-CB7C-423B-B280-D95E8B9CF14B}" coords="(0,0,60,30)"/>
        </link>
      </links>
      <font family="%E5%BE%AE%E8%BD%AF%E9%9B%85%E9%BB%91" displayName="%E5%BE%AE%E8%BD%AF%E9%9B%85%E9%BB%91" postScript="" weightStyle="Regular" weight="400" isBold="False" isItalic="False"/>
      <text>%E7%A1%AE%E5%AE%9A</text>
      <lineSpacing>18</lineSpacing>
      <selectedIndex>-1</selectedIndex>
    </control>
  </controls>
  <param>
    <backgroundColor>4294967295</backgroundColor>
    <fontSize>0</fontSize>
    <fontFamily/>
    <guideLines/>
  </param>
</mockup>