﻿<mockup version="4.8" minAllowVersion="4.8" ID="1C9D7244-6450-4A48-977A-655D8102239E" platform="MtMobile" defaultW="375" defaultH="667" screenOrientation="MoPortrait" mobileScreenScale="1.77777779102325" measureW="375" measureH="667" clipArea="(0,0,0,0)">
  <controls controlCount="30">
    <control controlID="529102A2-3B94-4C90-9F43-CC4A073AF16A" controlTypeID="Top ActionBar" x="0" y="20" w="375" h="48" zOrder="0">
      <color>4292730333</color>
      <links eventType="AtClick" animate="AmNone" animateAutoDelay="0" animateDuration="500">
        <link targetPageID="D4A98C33-F8B1-4C25-8D50-E61170F392FA" linkType="ltPageLink" isApplyIncludePage="False" title="%E4%BC%9A%E8%AE%AE%E9%82%80%E8%AF%B7%E8%BF%9B%E5%BA%A6">
          <area shape="0" alt="" ID="{A1E043CC-D120-406C-9262-B1086E95E465}" coords="(2,4,42,44)"/>
        </link>
        <link targetPageID="" linkType="ltPageLink" isApplyIncludePage="False" title="%E8%8F%9C%E5%8D%95">
          <area shape="0" alt="" ID="{463D97C5-EB8A-4988-B981-EEBF8A07FCFC}" coords="(328,4,368,44)"/>
        </link>
      </links>
      <font family="%E5%BE%AE%E8%BD%AF%E9%9B%85%E9%BB%91" displayName="%E5%BE%AE%E8%BD%AF%E9%9B%85%E9%BB%91" postScript="" weightStyle="Regular" weight="400" isBold="False" isItalic="False"/>
      <text>%E4%BC%9A%E8%AE%AE%E5%88%97%E8%A1%A8</text>
      <textSize>14</textSize>
      <lineSpacing>18</lineSpacing>
    </control>
    <control controlID="870737A8-7B9C-4A2A-A7C9-E1BBC1B94195" controlTypeID="StatusBar(IOS)" x="0" y="0" w="375" h="20" zOrder="1"/>
    <control controlID="92538376-24A9-4561-B5DC-4940E9582F41" controlTypeID="Label" x="34" y="101" w="201" h="19" zOrder="2">
      <font family="%E5%BE%AE%E8%BD%AF%E9%9B%85%E9%BB%91" displayName="%E5%BE%AE%E8%BD%AF%E9%9B%85%E9%BB%91" postScript="" weightStyle="Regular" weight="400" isBold="False" isItalic="False"/>
      <text>%E4%BC%9A%E8%AE%AE%E5%90%8D%E7%A7%B0%EF%BC%9A%E5%BB%8A%E5%9D%8A%E5%86%AC%E9%98%B2%E4%B8%93%E9%A1%B9%E7%A0%94%E8%AE%A8%E4%BC%9A</text>
      <lineSpacing>18</lineSpacing>
      <selectedIndex>-1</selectedIndex>
    </control>
    <control controlID="1CEDB0D9-EEF0-4024-89DC-C1929574A7BB" controlTypeID="Label" x="100" y="192" w="34" h="19" zOrder="3">
      <font family="%E5%BE%AE%E8%BD%AF%E9%9B%85%E9%BB%91" displayName="%E5%BE%AE%E8%BD%AF%E9%9B%85%E9%BB%91" postScript="" weightStyle="Regular" weight="400" isBold="False" isItalic="False"/>
      <text>%E7%8E%8Bxx</text>
      <lineSpacing>18</lineSpacing>
      <selectedIndex>-1</selectedIndex>
    </control>
    <control controlID="94C726EE-00CF-4C3F-98B4-AE5DDFFBF411" controlTypeID="CompositeComboBox" x="190" y="192" w="99" h="25" zOrder="4">
      <groupChildrenDescriptors>
        <control controlID="895BA337-B1AD-482F-BF54-864F741B720F" controlTypeID="TextInput" x="0" y="0" w="76" h="25" zOrder="0">
          <locked>True</locked>
          <canMove>False</canMove>
          <alias>input</alias>
          <font family="%E5%BE%AE%E8%BD%AF%E9%9B%85%E9%BB%91" displayName="%E5%BE%AE%E8%BD%AF%E9%9B%85%E9%BB%91" postScript="" weightStyle="Regular" weight="400" isBold="False" isItalic="False"/>
          <text>%E7%A1%AE%E5%AE%9A%E5%8F%82%E5%8A%A0</text>
          <lineSpacing>18</lineSpacing>
          <selectedIndex>-1</selectedIndex>
        </control>
        <control controlID="E8B4E285-ADA4-491A-AEEC-CCFAEDBB243C" controlTypeID="Button" x="75" y="0" w="24" h="25" zOrder="1">
          <locked>True</locked>
          <canMove>False</canMove>
          <alias>button</alias>
          <font family="%E5%BE%AE%E8%BD%AF%E9%9B%85%E9%BB%91" displayName="%E5%BE%AE%E8%BD%AF%E9%9B%85%E9%BB%91" postScript="" weightStyle="Regular" weight="400" isBold="False" isItalic="False"/>
          <lineSpacing>18</lineSpacing>
          <selectedIndex>-1</selectedIndex>
          <radius>0</radius>
        </control>
        <control controlID="A982FB28-4A7F-440A-B1FC-38153DA50803" controlTypeID="List" x="0" y="25" w="99" h="75" zOrder="2">
          <isShow>False</isShow>
          <canMove>False</canMove>
          <alias>dropDown</alias>
          <font family="%E5%BE%AE%E8%BD%AF%E9%9B%85%E9%BB%91" displayName="%E5%BE%AE%E8%BD%AF%E9%9B%85%E9%BB%91" postScript="" weightStyle="Regular" weight="400" isBold="False" isItalic="False"/>
          <text>%E7%A1%AE%E5%AE%9A%E5%8F%82%E5%8A%A0%0D%0A%E6%97%A0%E6%B3%95%E5%8F%82%E5%8A%A0%0D%0A%E6%B2%9F%E9%80%9A%E4%B8%AD</text>
          <textSize>14</textSize>
          <lineSpacing>18</lineSpacing>
          <interlaceColor>4294967295</interlaceColor>
        </control>
      </groupChildrenDescriptors>
      <baseHeight>25</baseHeight>
      <font family="%E5%BE%AE%E8%BD%AF%E9%9B%85%E9%BB%91"/>
      <textSize>14</textSize>
    </control>
    <control controlID="F3E32FC5-C1C7-4BB7-9FEB-D046BD3375B3" controlTypeID="Label" x="34" y="143" w="89" h="19" zOrder="5">
      <font family="%E5%BE%AE%E8%BD%AF%E9%9B%85%E9%BB%91" displayName="%E5%BE%AE%E8%BD%AF%E9%9B%85%E9%BB%91" postScript="" weightStyle="Regular" weight="400" isBold="False" isItalic="False"/>
      <text>%E4%B8%93%E5%AE%B6%E9%82%80%E7%BA%A6%E8%BF%9B%E5%B1%95</text>
      <lineSpacing>18</lineSpacing>
      <selectedIndex>-1</selectedIndex>
    </control>
    <control controlID="B9B5C93E-615A-49E4-AE49-5EFC9F72A8DB" controlTypeID="Label" x="100" y="232" w="34" h="19" zOrder="6">
      <font family="%E5%BE%AE%E8%BD%AF%E9%9B%85%E9%BB%91" displayName="%E5%BE%AE%E8%BD%AF%E9%9B%85%E9%BB%91" postScript="" weightStyle="Regular" weight="400" isBold="False" isItalic="False"/>
      <text>%E7%8E%8Bxx</text>
      <lineSpacing>18</lineSpacing>
      <selectedIndex>-1</selectedIndex>
    </control>
    <control controlID="A5073F82-60BC-4365-99D2-ED8DD5E0524A" controlTypeID="CompositeComboBox" x="190" y="232" w="99" h="25" zOrder="7">
      <groupChildrenDescriptors>
        <control controlID="7559C569-9BF5-4A40-96D3-E3E46A46FCCA" controlTypeID="TextInput" x="0" y="0" w="76" h="25" zOrder="0">
          <locked>True</locked>
          <canMove>False</canMove>
          <alias>input</alias>
          <font family="%E5%BE%AE%E8%BD%AF%E9%9B%85%E9%BB%91" displayName="%E5%BE%AE%E8%BD%AF%E9%9B%85%E9%BB%91" postScript="" weightStyle="Regular" weight="400" isBold="False" isItalic="False"/>
          <text>%E6%B2%9F%E9%80%9A%E4%B8%AD</text>
          <lineSpacing>18</lineSpacing>
          <selectedIndex>-1</selectedIndex>
        </control>
        <control controlID="52F3DEE7-D717-4A54-A26F-216AC19221EB" controlTypeID="Button" x="75" y="0" w="24" h="25" zOrder="1">
          <locked>True</locked>
          <canMove>False</canMove>
          <alias>button</alias>
          <font family="%E5%BE%AE%E8%BD%AF%E9%9B%85%E9%BB%91" displayName="%E5%BE%AE%E8%BD%AF%E9%9B%85%E9%BB%91" postScript="" weightStyle="Regular" weight="400" isBold="False" isItalic="False"/>
          <lineSpacing>18</lineSpacing>
          <selectedIndex>-1</selectedIndex>
          <radius>0</radius>
        </control>
        <control controlID="09460CC8-A8B8-4626-8FE1-C790D658D3DC" controlTypeID="List" x="0" y="25" w="99" h="75" zOrder="2">
          <isShow>False</isShow>
          <canMove>False</canMove>
          <alias>dropDown</alias>
          <font family="%E5%BE%AE%E8%BD%AF%E9%9B%85%E9%BB%91" displayName="%E5%BE%AE%E8%BD%AF%E9%9B%85%E9%BB%91" postScript="" weightStyle="Regular" weight="400" isBold="False" isItalic="False"/>
          <text>%E6%B2%9F%E9%80%9A%E4%B8%AD%0D%0A%E7%A1%AE%E5%AE%9A%E5%8F%82%E5%8A%A0%0D%0A%E6%97%A0%E6%B3%95%E5%8F%82%E5%8A%A0</text>
          <textSize>14</textSize>
          <lineSpacing>18</lineSpacing>
          <interlaceColor>4294967295</interlaceColor>
        </control>
      </groupChildrenDescriptors>
      <baseHeight>25</baseHeight>
      <font family="%E5%BE%AE%E8%BD%AF%E9%9B%85%E9%BB%91"/>
      <textSize>14</textSize>
    </control>
    <control controlID="5B148DC3-724E-4E9F-8A57-F4BAB853F80E" controlTypeID="Label" x="100" y="272" w="34" h="19" zOrder="8">
      <font family="%E5%BE%AE%E8%BD%AF%E9%9B%85%E9%BB%91" displayName="%E5%BE%AE%E8%BD%AF%E9%9B%85%E9%BB%91" postScript="" weightStyle="Regular" weight="400" isBold="False" isItalic="False"/>
      <text>%E7%8E%8Bxx</text>
      <lineSpacing>18</lineSpacing>
      <selectedIndex>-1</selectedIndex>
    </control>
    <control controlID="7FED1B7C-D23E-4722-9662-82C4665B3532" controlTypeID="CompositeComboBox" x="190" y="272" w="99" h="25" zOrder="9">
      <groupChildrenDescriptors>
        <control controlID="D7442479-93D7-47F1-92F3-B5539592F80F" controlTypeID="TextInput" x="0" y="0" w="76" h="25" zOrder="0">
          <locked>True</locked>
          <canMove>False</canMove>
          <alias>input</alias>
          <font family="%E5%BE%AE%E8%BD%AF%E9%9B%85%E9%BB%91" displayName="%E5%BE%AE%E8%BD%AF%E9%9B%85%E9%BB%91" postScript="" weightStyle="Regular" weight="400" isBold="False" isItalic="False"/>
          <text>%E6%B2%9F%E9%80%9A%E4%B8%AD</text>
          <lineSpacing>18</lineSpacing>
          <selectedIndex>-1</selectedIndex>
        </control>
        <control controlID="08BA101A-EA23-4479-9DB3-E80DB1DD519C" controlTypeID="Button" x="75" y="0" w="24" h="25" zOrder="1">
          <locked>True</locked>
          <canMove>False</canMove>
          <alias>button</alias>
          <font family="%E5%BE%AE%E8%BD%AF%E9%9B%85%E9%BB%91" displayName="%E5%BE%AE%E8%BD%AF%E9%9B%85%E9%BB%91" postScript="" weightStyle="Regular" weight="400" isBold="False" isItalic="False"/>
          <lineSpacing>18</lineSpacing>
          <selectedIndex>-1</selectedIndex>
          <radius>0</radius>
        </control>
        <control controlID="0AC201A7-51C3-4C6F-9CDC-067E0781FCFE" controlTypeID="List" x="0" y="25" w="99" h="75" zOrder="2">
          <isShow>False</isShow>
          <canMove>False</canMove>
          <alias>dropDown</alias>
          <font family="%E5%BE%AE%E8%BD%AF%E9%9B%85%E9%BB%91" displayName="%E5%BE%AE%E8%BD%AF%E9%9B%85%E9%BB%91" postScript="" weightStyle="Regular" weight="400" isBold="False" isItalic="False"/>
          <text>%E6%B2%9F%E9%80%9A%E4%B8%AD%0D%0A%E7%A1%AE%E5%AE%9A%E5%8F%82%E5%8A%A0%0D%0A%E6%97%A0%E6%B3%95%E5%8F%82%E5%8A%A0</text>
          <textSize>14</textSize>
          <lineSpacing>18</lineSpacing>
          <interlaceColor>4294967295</interlaceColor>
        </control>
      </groupChildrenDescriptors>
      <baseHeight>25</baseHeight>
      <font family="%E5%BE%AE%E8%BD%AF%E9%9B%85%E9%BB%91"/>
      <textSize>14</textSize>
    </control>
    <control controlID="36078E06-29CC-4EA2-8CB2-5D0A8BD3D2B3" controlTypeID="Label" x="100" y="309" w="34" h="19" zOrder="10">
      <font family="%E5%BE%AE%E8%BD%AF%E9%9B%85%E9%BB%91" displayName="%E5%BE%AE%E8%BD%AF%E9%9B%85%E9%BB%91" postScript="" weightStyle="Regular" weight="400" isBold="False" isItalic="False"/>
      <text>%E7%8E%8Bxx</text>
      <lineSpacing>18</lineSpacing>
      <selectedIndex>-1</selectedIndex>
    </control>
    <control controlID="92A62224-06C2-48E0-BC3E-541C404792CC" controlTypeID="CompositeComboBox" x="190" y="309" w="99" h="25" zOrder="11">
      <groupChildrenDescriptors>
        <control controlID="13AAB984-A13D-4DDD-96AD-90CE650A84D2" controlTypeID="TextInput" x="0" y="0" w="76" h="25" zOrder="0">
          <locked>True</locked>
          <canMove>False</canMove>
          <alias>input</alias>
          <font family="%E5%BE%AE%E8%BD%AF%E9%9B%85%E9%BB%91" displayName="%E5%BE%AE%E8%BD%AF%E9%9B%85%E9%BB%91" postScript="" weightStyle="Regular" weight="400" isBold="False" isItalic="False"/>
          <text>%E6%B2%9F%E9%80%9A%E4%B8%AD</text>
          <lineSpacing>18</lineSpacing>
          <selectedIndex>-1</selectedIndex>
        </control>
        <control controlID="EA5BA6B0-1F73-4C2E-8280-774BA7DEB147" controlTypeID="Button" x="75" y="0" w="24" h="25" zOrder="1">
          <locked>True</locked>
          <canMove>False</canMove>
          <alias>button</alias>
          <font family="%E5%BE%AE%E8%BD%AF%E9%9B%85%E9%BB%91" displayName="%E5%BE%AE%E8%BD%AF%E9%9B%85%E9%BB%91" postScript="" weightStyle="Regular" weight="400" isBold="False" isItalic="False"/>
          <lineSpacing>18</lineSpacing>
          <selectedIndex>-1</selectedIndex>
          <radius>0</radius>
        </control>
        <control controlID="E772801E-0F4A-4A7D-8789-04BEC37D6F95" controlTypeID="List" x="0" y="25" w="99" h="75" zOrder="2">
          <isShow>False</isShow>
          <canMove>False</canMove>
          <alias>dropDown</alias>
          <font family="%E5%BE%AE%E8%BD%AF%E9%9B%85%E9%BB%91" displayName="%E5%BE%AE%E8%BD%AF%E9%9B%85%E9%BB%91" postScript="" weightStyle="Regular" weight="400" isBold="False" isItalic="False"/>
          <text>%E6%B2%9F%E9%80%9A%E4%B8%AD%0D%0A%E7%A1%AE%E5%AE%9A%E5%8F%82%E5%8A%A0%0D%0A%E6%97%A0%E6%B3%95%E5%8F%82%E5%8A%A0</text>
          <textSize>14</textSize>
          <lineSpacing>18</lineSpacing>
          <interlaceColor>4294967295</interlaceColor>
        </control>
      </groupChildrenDescriptors>
      <baseHeight>25</baseHeight>
      <font family="%E5%BE%AE%E8%BD%AF%E9%9B%85%E9%BB%91"/>
      <textSize>14</textSize>
    </control>
    <control controlID="10348E59-B0DA-4CFA-B54B-1E1512AF290B" controlTypeID="Label" x="100" y="349" w="34" h="19" zOrder="12">
      <font family="%E5%BE%AE%E8%BD%AF%E9%9B%85%E9%BB%91" displayName="%E5%BE%AE%E8%BD%AF%E9%9B%85%E9%BB%91" postScript="" weightStyle="Regular" weight="400" isBold="False" isItalic="False"/>
      <text>%E7%8E%8Bxx</text>
      <lineSpacing>18</lineSpacing>
      <selectedIndex>-1</selectedIndex>
    </control>
    <control controlID="D761EF4F-9974-444D-ADF6-7B23174CF53E" controlTypeID="CompositeComboBox" x="190" y="349" w="99" h="25" zOrder="13">
      <groupChildrenDescriptors>
        <control controlID="8F0FC896-6099-41C9-8EE5-4192EA2ECDA2" controlTypeID="TextInput" x="0" y="0" w="76" h="25" zOrder="0">
          <locked>True</locked>
          <canMove>False</canMove>
          <alias>input</alias>
          <font family="%E5%BE%AE%E8%BD%AF%E9%9B%85%E9%BB%91" displayName="%E5%BE%AE%E8%BD%AF%E9%9B%85%E9%BB%91" postScript="" weightStyle="Regular" weight="400" isBold="False" isItalic="False"/>
          <text>%E6%97%A0%E6%B3%95%E5%8F%82%E5%8A%A0</text>
          <lineSpacing>18</lineSpacing>
          <selectedIndex>-1</selectedIndex>
        </control>
        <control controlID="6996F36D-D02F-45E9-891A-F0A0F93CA2F7" controlTypeID="Button" x="75" y="0" w="24" h="25" zOrder="1">
          <locked>True</locked>
          <canMove>False</canMove>
          <alias>button</alias>
          <font family="%E5%BE%AE%E8%BD%AF%E9%9B%85%E9%BB%91" displayName="%E5%BE%AE%E8%BD%AF%E9%9B%85%E9%BB%91" postScript="" weightStyle="Regular" weight="400" isBold="False" isItalic="False"/>
          <lineSpacing>18</lineSpacing>
          <selectedIndex>-1</selectedIndex>
          <radius>0</radius>
        </control>
        <control controlID="A2EF780F-091A-4900-A2E0-50F8E87238AF" controlTypeID="List" x="0" y="25" w="99" h="75" zOrder="2">
          <isShow>False</isShow>
          <canMove>False</canMove>
          <alias>dropDown</alias>
          <font family="%E5%BE%AE%E8%BD%AF%E9%9B%85%E9%BB%91" displayName="%E5%BE%AE%E8%BD%AF%E9%9B%85%E9%BB%91" postScript="" weightStyle="Regular" weight="400" isBold="False" isItalic="False"/>
          <text>%E6%97%A0%E6%B3%95%E5%8F%82%E5%8A%A0%0D%0A%E6%B2%9F%E9%80%9A%E4%B8%AD%0D%0A%E7%A1%AE%E5%AE%9A%E5%8F%82%E5%8A%A0</text>
          <textSize>14</textSize>
          <lineSpacing>18</lineSpacing>
          <interlaceColor>4294967295</interlaceColor>
        </control>
      </groupChildrenDescriptors>
      <baseHeight>25</baseHeight>
      <font family="%E5%BE%AE%E8%BD%AF%E9%9B%85%E9%BB%91"/>
      <textSize>14</textSize>
    </control>
    <control controlID="2551D81F-B53A-4639-B7E3-9BA6BA77FF06" controlTypeID="Label" x="266" y="100" w="89" h="19" zOrder="14">
      <links eventType="AtClick" animate="AmNone" animateAutoDelay="0" animateDuration="500">
        <link targetPageID="6806B9E4-5E0A-4224-97A5-A21FFED1923D" linkType="ltPageLink" isApplyIncludePage="False" title="%E9%A2%84%E7%BA%A6%E6%88%90%E5%8A%9F%E5%90%8E">
          <area shape="0" alt="" ID="{24D5F2F8-0A55-4F5A-B9B8-1A52B47928FC}" coords="(0,0,89,19)"/>
        </link>
      </links>
      <font family="%E5%BE%AE%E8%BD%AF%E9%9B%85%E9%BB%91" displayName="%E5%BE%AE%E8%BD%AF%E9%9B%85%E9%BB%91" postScript="" weightStyle="Regular" weight="400" isBold="False" isItalic="False"/>
      <text>%E6%9F%A5%E7%9C%8B%E4%BC%9A%E8%AE%AE%E8%AF%A6%E6%83%85</text>
      <lineSpacing>18</lineSpacing>
      <selectedIndex>-1</selectedIndex>
    </control>
  </controls>
  <param>
    <backgroundColor>4294967295</backgroundColor>
    <fontSize>0</fontSize>
    <fontFamily/>
    <guideLines/>
  </param>
</mockup>