﻿<mockup version="4.8" minAllowVersion="4.8" ID="9CFB30DC-8430-4CBA-90D9-3E6389443D4F" platform="MtMobile" defaultW="375" defaultH="667" screenOrientation="MoPortrait" mobileScreenScale="1.77777779102325" measureW="375" measureH="667" clipArea="(0,0,0,0)">
  <controls controlCount="8">
    <control controlID="529102A2-3B94-4C90-9F43-CC4A073AF16A" controlTypeID="Top ActionBar" x="0" y="20" w="375" h="48" zOrder="0">
      <color>4292730333</color>
      <links eventType="AtClick" animate="AmNone" animateAutoDelay="0" animateDuration="500">
        <link targetPageID="E771F584-AC03-4C89-8C48-F5D32C0C3258" linkType="ltPageLink" isApplyIncludePage="False" title="%E6%B6%88%E6%81%AF%E5%88%97%E8%A1%A8">
          <area shape="0" alt="" ID="{A1E043CC-D120-406C-9262-B1086E95E465}" coords="(2,4,42,44)"/>
        </link>
        <link targetPageID="" linkType="ltPageLink" isApplyIncludePage="False" title="%E8%8F%9C%E5%8D%95">
          <area shape="0" alt="" ID="{463D97C5-EB8A-4988-B981-EEBF8A07FCFC}" coords="(328,4,368,44)"/>
        </link>
      </links>
      <font family="%E5%BE%AE%E8%BD%AF%E9%9B%85%E9%BB%91" displayName="%E5%BE%AE%E8%BD%AF%E9%9B%85%E9%BB%91" postScript="" weightStyle="Regular" weight="400" isBold="False" isItalic="False"/>
      <text>%E6%B6%88%E6%81%AF%E8%AF%A6%E6%83%85</text>
      <textSize>14</textSize>
      <lineSpacing>18</lineSpacing>
    </control>
    <control controlID="870737A8-7B9C-4A2A-A7C9-E1BBC1B94195" controlTypeID="StatusBar(IOS)" x="0" y="0" w="375" h="20" zOrder="1"/>
    <control controlID="E2EFF737-93BE-4E67-AF71-76D43A6365F2" controlTypeID="Label" x="42" y="119" w="90" h="19" zOrder="2">
      <font family="%E5%BE%AE%E8%BD%AF%E9%9B%85%E9%BB%91" displayName="%E5%BE%AE%E8%BD%AF%E9%9B%85%E9%BB%91" postScript="" weightStyle="Regular" weight="400" isBold="False" isItalic="False"/>
      <text>%E5%9B%9E%E5%A4%8D%E4%BA%BA%EF%BC%9A%E7%8E%8Bxx</text>
      <lineSpacing>18</lineSpacing>
      <selectedIndex>-1</selectedIndex>
    </control>
    <control controlID="72B35FD3-80C7-44D6-BBA8-8A62DAB01DE4" controlTypeID="Label" x="42" y="148" w="173" h="19" zOrder="3">
      <font family="%E5%BE%AE%E8%BD%AF%E9%9B%85%E9%BB%91" displayName="%E5%BE%AE%E8%BD%AF%E9%9B%85%E9%BB%91" postScript="" weightStyle="Regular" weight="400" isBold="False" isItalic="False"/>
      <text>%E5%9B%9E%E5%A4%8D%E4%B8%BB%E9%A2%98%EF%BC%9Axxxx%E4%BC%9A%E8%AE%AE%E9%82%80%E8%AF%B7%E5%87%BD</text>
      <lineSpacing>18</lineSpacing>
      <selectedIndex>-1</selectedIndex>
    </control>
    <control controlID="BA7AC422-3EC8-4FBF-9512-BC71CC7062E6" controlTypeID="Label" x="43" y="182" w="187" h="19" zOrder="4">
      <font family="%E5%BE%AE%E8%BD%AF%E9%9B%85%E9%BB%91" displayName="%E5%BE%AE%E8%BD%AF%E9%9B%85%E9%BB%91" postScript="" weightStyle="Regular" weight="400" isBold="False" isItalic="False"/>
      <text>%E5%86%85%E5%AE%B9%EF%BC%9A%E6%84%9F%E8%B0%A2%E9%82%80%E7%BA%A6%EF%BC%8C%E5%8F%AF%E6%8C%89%E6%97%B6%E5%8F%82%E5%8A%A0</text>
      <lineSpacing>18</lineSpacing>
      <selectedIndex>-1</selectedIndex>
    </control>
    <control controlID="58B00408-5AB5-41CA-AA3F-0826DE63B0C8" controlTypeID="Button" x="96" y="424" w="83" h="39" zOrder="5">
      <links eventType="AtClick" animate="AmNone" animateAutoDelay="0" animateDuration="500">
        <link targetPageID="1C9D7244-6450-4A48-977A-655D8102239E" linkType="ltPageLink" isApplyIncludePage="False" title="%E9%82%80%E7%BA%A6%E8%AF%A6%E6%83%85">
          <area shape="0" alt="" ID="{505705EE-D02B-4BC2-A1FD-03DEFF64AA73}" coords="(0,0,83,39)"/>
        </link>
      </links>
      <font family="%E5%BE%AE%E8%BD%AF%E9%9B%85%E9%BB%91" displayName="%E5%BE%AE%E8%BD%AF%E9%9B%85%E9%BB%91" postScript="" weightStyle="Regular" weight="400" isBold="False" isItalic="False"/>
      <text>%E7%A1%AE%E5%AE%9A%E5%8F%82%E5%8A%A0</text>
      <lineSpacing>18</lineSpacing>
      <selectedIndex>-1</selectedIndex>
    </control>
    <control controlID="79D9AC20-9E50-4C02-81CD-A1AD4CC4D589" controlTypeID="Button" x="201" y="424" w="83" h="39" zOrder="6">
      <font family="%E5%BE%AE%E8%BD%AF%E9%9B%85%E9%BB%91" displayName="%E5%BE%AE%E8%BD%AF%E9%9B%85%E9%BB%91" postScript="" weightStyle="Regular" weight="400" isBold="False" isItalic="False"/>
      <text>%E6%97%A0%E6%B3%95%E5%8F%82%E5%8A%A0</text>
      <lineSpacing>18</lineSpacing>
      <selectedIndex>-1</selectedIndex>
    </control>
    <control controlID="EC788FB1-31B1-45B9-8253-F289DB9326A5" controlTypeID="Shape" x="43" y="236" w="295" h="120" zOrder="7">
      <font family="%E5%BE%AE%E8%BD%AF%E9%9B%85%E9%BB%91" displayName="%E5%BE%AE%E8%BD%AF%E9%9B%85%E9%BB%91" postScript="" weightStyle="Regular" weight="400" isBold="False" isItalic="False"/>
      <text>%E9%99%84%E5%8F%82%E4%BC%9A%E5%9B%9E%E6%89%A7%0D%0A%E5%8C%85%E5%90%AB%E5%8F%82%E5%8A%A0%E4%BA%BA%E6%95%B0%EF%BC%8C%E6%98%AF%E5%90%A6%E6%8E%A5%E9%80%81%EF%BC%8C%E7%94%A8%E9%A4%90%E6%A0%87%E5%87%86%EF%BC%8C%E4%BD%8F%E5%AE%BF%E6%A0%87%E5%87%86%E7%AD%89</text>
      <textSize>14</textSize>
      <lineSpacing>18</lineSpacing>
    </control>
  </controls>
  <param>
    <backgroundColor>4294967295</backgroundColor>
    <fontSize>0</fontSize>
    <fontFamily/>
    <guideLines/>
  </param>
</mockup>