﻿<mockup version="4.8" minAllowVersion="4.8" ID="AE3ED981-AA5D-49F1-A2BE-366FC36A7393" platform="MtMobile" defaultW="375" defaultH="667" screenOrientation="MoPortrait" mobileScreenScale="1.77777779102325" measureW="375" measureH="757" clipArea="(0,0,375,757)">
  <controls controlCount="44">
    <control controlID="529102A2-3B94-4C90-9F43-CC4A073AF16A" controlTypeID="Top ActionBar" x="0" y="20" w="375" h="48" zOrder="0">
      <color>4292730333</color>
      <links eventType="AtClick" animate="AmNone" animateAutoDelay="0" animateDuration="500">
        <link targetPageID="FD6C4CAF-1EB9-4177-B981-766ADF8F4F5C" linkType="ltPageLink" isApplyIncludePage="False" title="%E9%A6%96%E9%A1%B5">
          <area shape="0" alt="" ID="{319017CB-BC99-4AD3-A50F-0E8DA0167700}" coords="(2,4,42,44)"/>
        </link>
        <link targetPageID="" linkType="ltPageLink" isApplyIncludePage="False" title="%E8%8F%9C%E5%8D%95">
          <area shape="0" alt="" ID="{47A0D32E-D46C-48F8-810F-153AFB5BAA28}" coords="(328,4,368,44)"/>
        </link>
      </links>
      <font family="%E5%BE%AE%E8%BD%AF%E9%9B%85%E9%BB%91" displayName="%E5%BE%AE%E8%BD%AF%E9%9B%85%E9%BB%91" postScript="" weightStyle="Regular" weight="400" isBold="False" isItalic="False"/>
      <text>%E4%BC%9A%E8%AE%AE%E9%A2%84%E7%BA%A6</text>
      <textSize>14</textSize>
      <lineSpacing>18</lineSpacing>
    </control>
    <control controlID="870737A8-7B9C-4A2A-A7C9-E1BBC1B94195" controlTypeID="StatusBar(IOS)" x="0" y="0" w="375" h="20" zOrder="1"/>
    <control controlID="AE41B8C7-61B1-4169-A320-9E89601B57A9" controlTypeID="Label" x="29" y="97" w="117" h="19" zOrder="2">
      <font family="%E5%BE%AE%E8%BD%AF%E9%9B%85%E9%BB%91" displayName="%E5%BE%AE%E8%BD%AF%E9%9B%85%E9%BB%91" postScript="" weightStyle="Regular" weight="400" isBold="False" isItalic="False"/>
      <text>%E8%BF%91%E6%9C%9F%E4%BC%9A%E8%AE%AE%E6%97%A5%E7%A8%8B%E5%AE%89%E6%8E%92</text>
      <lineSpacing>18</lineSpacing>
      <selectedIndex>-1</selectedIndex>
    </control>
    <control controlID="5BAAC9F4-41E5-407C-AB8B-03C3C8531F54" controlTypeID="Label" x="25" y="143" w="69" h="19" zOrder="3">
      <font family="%E5%BE%AE%E8%BD%AF%E9%9B%85%E9%BB%91" displayName="%E5%BE%AE%E8%BD%AF%E9%9B%85%E9%BB%91" postScript="" weightStyle="Regular" weight="400" isBold="False" isItalic="False"/>
      <text>%E4%BC%9A%E8%AE%AE%E4%B8%BB%E9%A2%98%EF%BC%9A</text>
      <lineSpacing>18</lineSpacing>
      <selectedIndex>-1</selectedIndex>
    </control>
    <control controlID="015B26E2-849F-4843-98BF-70F242784440" controlTypeID="TextInput" x="104" y="142" w="200" h="22" zOrder="4">
      <font family="%E5%BE%AE%E8%BD%AF%E9%9B%85%E9%BB%91" displayName="%E5%BE%AE%E8%BD%AF%E9%9B%85%E9%BB%91" postScript="" weightStyle="Regular" weight="400" isBold="False" isItalic="False"/>
      <text>%E8%AF%B7%E8%BE%93%E5%85%A5%E4%BC%9A%E8%AE%AE%E4%B8%BB%E9%A2%98</text>
      <lineSpacing>18</lineSpacing>
      <selectedIndex>-1</selectedIndex>
    </control>
    <control controlID="363C4909-5D8D-43D1-9F6D-98FBBEC5A9F3" controlTypeID="Label" x="25" y="175" w="69" h="19" zOrder="5">
      <font family="%E5%BE%AE%E8%BD%AF%E9%9B%85%E9%BB%91" displayName="%E5%BE%AE%E8%BD%AF%E9%9B%85%E9%BB%91" postScript="" weightStyle="Regular" weight="400" isBold="False" isItalic="False"/>
      <text>%E4%BC%9A%E8%AE%AE%E6%97%B6%E9%97%B4%EF%BC%9A</text>
      <lineSpacing>18</lineSpacing>
      <selectedIndex>-1</selectedIndex>
    </control>
    <control controlID="68F3AB25-62FC-4412-A51B-A4BC4357AF0C" controlTypeID="DateTimePicker" x="104" y="173" w="200" h="24" zOrder="6">
      <font family="%E5%BE%AE%E8%BD%AF%E9%9B%85%E9%BB%91" displayName="%E5%BE%AE%E8%BD%AF%E9%9B%85%E9%BB%91" postScript="" weightStyle="Regular" weight="400" isBold="False" isItalic="False"/>
      <text>03+%2F+10+%2F+2014</text>
      <textSize>14</textSize>
      <lineSpacing>18</lineSpacing>
      <selectedIndex>-1</selectedIndex>
    </control>
    <control controlID="34E63305-C24F-487B-87B7-C93546D2412E" controlTypeID="Label" x="25" y="208" w="69" h="19" zOrder="7">
      <font family="%E5%BE%AE%E8%BD%AF%E9%9B%85%E9%BB%91" displayName="%E5%BE%AE%E8%BD%AF%E9%9B%85%E9%BB%91" postScript="" weightStyle="Regular" weight="400" isBold="False" isItalic="False"/>
      <text>%E4%BC%9A%E8%AE%AE%E5%9C%B0%E7%82%B9%EF%BC%9A</text>
      <lineSpacing>18</lineSpacing>
      <selectedIndex>-1</selectedIndex>
    </control>
    <control controlID="97250F1E-6FCA-4C1C-AA57-BB3E29BDA405" controlTypeID="TextInput" x="104" y="207" w="200" h="22" zOrder="8">
      <font family="%E5%BE%AE%E8%BD%AF%E9%9B%85%E9%BB%91" displayName="%E5%BE%AE%E8%BD%AF%E9%9B%85%E9%BB%91" postScript="" weightStyle="Regular" weight="400" isBold="False" isItalic="False"/>
      <text>%E8%AF%B7%E8%BE%93%E5%85%A5%E4%BC%9A%E8%AE%AE%E5%9C%B0%E7%82%B9</text>
      <lineSpacing>18</lineSpacing>
      <selectedIndex>-1</selectedIndex>
    </control>
    <control controlID="53EDF820-5F64-44DD-B3A7-282C1CAB48F4" controlTypeID="Label" x="25" y="240" w="69" h="19" zOrder="9">
      <font family="%E5%BE%AE%E8%BD%AF%E9%9B%85%E9%BB%91" displayName="%E5%BE%AE%E8%BD%AF%E9%9B%85%E9%BB%91" postScript="" weightStyle="Regular" weight="400" isBold="False" isItalic="False"/>
      <text>%E4%BC%9A%E8%AE%AE%E4%B8%BB%E9%A2%98%EF%BC%9A</text>
      <lineSpacing>18</lineSpacing>
      <selectedIndex>-1</selectedIndex>
    </control>
    <control controlID="93B30E56-3CDC-49D7-95CC-7C38B98E5086" controlTypeID="TextInput" x="104" y="239" w="203" h="22" zOrder="10">
      <font family="%E5%BE%AE%E8%BD%AF%E9%9B%85%E9%BB%91" displayName="%E5%BE%AE%E8%BD%AF%E9%9B%85%E9%BB%91" postScript="" weightStyle="Regular" weight="400" isBold="False" isItalic="False"/>
      <text>%E8%AF%B7%E8%BE%93%E5%85%A5%E4%BC%9A%E8%AE%AE%E4%B8%BB%E9%A2%98</text>
      <lineSpacing>18</lineSpacing>
      <selectedIndex>-1</selectedIndex>
    </control>
    <control controlID="8DDA4F72-30F3-4297-9D85-DDF71CBF0A02" controlTypeID="Label" x="25" y="272" w="69" h="19" zOrder="11">
      <font family="%E5%BE%AE%E8%BD%AF%E9%9B%85%E9%BB%91" displayName="%E5%BE%AE%E8%BD%AF%E9%9B%85%E9%BB%91" postScript="" weightStyle="Regular" weight="400" isBold="False" isItalic="False"/>
      <text>%E4%BC%9A%E8%AE%AE%E7%B1%BB%E5%9E%8B%EF%BC%9A</text>
      <lineSpacing>18</lineSpacing>
      <selectedIndex>-1</selectedIndex>
    </control>
    <control controlID="1D0782A4-F0BB-4691-A3C7-4E2EAE7647AA" controlTypeID="Label" x="25" y="304" w="69" h="19" zOrder="12">
      <font family="%E5%BE%AE%E8%BD%AF%E9%9B%85%E9%BB%91" displayName="%E5%BE%AE%E8%BD%AF%E9%9B%85%E9%BB%91" postScript="" weightStyle="Regular" weight="400" isBold="False" isItalic="False"/>
      <text>%E4%BC%9A%E8%AE%AE%E8%A7%84%E6%A8%A1%EF%BC%9A</text>
      <lineSpacing>18</lineSpacing>
      <selectedIndex>-1</selectedIndex>
    </control>
    <control controlID="9475C560-FEC3-4C60-A86E-23EF5A3015F0" controlTypeID="CompositeComboBox" x="106" y="271" w="200" h="22" zOrder="13">
      <groupChildrenDescriptors>
        <control controlID="2E3454F2-C531-4644-B543-C71D3EFA45A3" controlTypeID="TextInput" x="0" y="0" w="177" h="22" zOrder="0">
          <locked>True</locked>
          <canMove>False</canMove>
          <alias>input</alias>
          <font family="%E5%BE%AE%E8%BD%AF%E9%9B%85%E9%BB%91" displayName="%E5%BE%AE%E8%BD%AF%E9%9B%85%E9%BB%91" postScript="" weightStyle="Regular" weight="400" isBold="False" isItalic="False"/>
          <text>%E7%8E%B0%E5%9C%BA%E4%BC%9A%E8%AE%AE</text>
          <lineSpacing>18</lineSpacing>
          <selectedIndex>-1</selectedIndex>
        </control>
        <control controlID="EDF27EEB-57F1-41EE-9CCD-9232EA3752CF" controlTypeID="Button" x="176" y="0" w="24" h="22" zOrder="1">
          <locked>True</locked>
          <canMove>False</canMove>
          <alias>button</alias>
          <font family="%E5%BE%AE%E8%BD%AF%E9%9B%85%E9%BB%91" displayName="%E5%BE%AE%E8%BD%AF%E9%9B%85%E9%BB%91" postScript="" weightStyle="Regular" weight="400" isBold="False" isItalic="False"/>
          <lineSpacing>18</lineSpacing>
          <selectedIndex>-1</selectedIndex>
          <radius>0</radius>
        </control>
        <control controlID="3293510E-3B02-4EBF-99EF-0CD75755E28B" controlTypeID="List" x="0" y="22" w="200" h="66" zOrder="2">
          <isShow>False</isShow>
          <canMove>False</canMove>
          <alias>dropDown</alias>
          <font family="%E5%BE%AE%E8%BD%AF%E9%9B%85%E9%BB%91" displayName="%E5%BE%AE%E8%BD%AF%E9%9B%85%E9%BB%91" postScript="" weightStyle="Regular" weight="400" isBold="False" isItalic="False"/>
          <text>%E7%8E%B0%E5%9C%BA%E4%BC%9A%E8%AE%AE%0D%0A%E8%A7%86%E9%A2%91%E4%BC%9A%E8%AE%AE%0D%0A%E7%94%B5%E8%AF%9D%E4%BC%9A%E8%AE%AE</text>
          <textSize>14</textSize>
          <lineSpacing>18</lineSpacing>
          <itemHeight>22</itemHeight>
          <interlaceColor>4294967295</interlaceColor>
        </control>
      </groupChildrenDescriptors>
      <baseHeight>22</baseHeight>
      <font family="%E5%BE%AE%E8%BD%AF%E9%9B%85%E9%BB%91"/>
      <textSize>14</textSize>
    </control>
    <control controlID="971DF1DA-4A59-4D41-B935-98E4090BDD5F" controlTypeID="CompositeComboBox" x="106" y="303" w="200" h="22" zOrder="14">
      <groupChildrenDescriptors>
        <control controlID="3ED94707-E66C-4BD8-8D92-E5D78F68B778" controlTypeID="TextInput" x="0" y="0" w="177" h="22" zOrder="0">
          <locked>True</locked>
          <canMove>False</canMove>
          <alias>input</alias>
          <font family="%E5%BE%AE%E8%BD%AF%E9%9B%85%E9%BB%91" displayName="%E5%BE%AE%E8%BD%AF%E9%9B%85%E9%BB%91" postScript="" weightStyle="Regular" weight="400" isBold="False" isItalic="False"/>
          <text>%E5%B0%8F%E5%9E%8B%E4%BC%9A%E8%AE%AE%EF%BC%9A10-20%E4%BA%BA</text>
          <lineSpacing>18</lineSpacing>
          <selectedIndex>-1</selectedIndex>
        </control>
        <control controlID="FF2C6260-C09F-4265-B457-009AD22C785F" controlTypeID="Button" x="176" y="0" w="24" h="22" zOrder="1">
          <locked>True</locked>
          <canMove>False</canMove>
          <alias>button</alias>
          <font family="%E5%BE%AE%E8%BD%AF%E9%9B%85%E9%BB%91" displayName="%E5%BE%AE%E8%BD%AF%E9%9B%85%E9%BB%91" postScript="" weightStyle="Regular" weight="400" isBold="False" isItalic="False"/>
          <lineSpacing>18</lineSpacing>
          <selectedIndex>-1</selectedIndex>
          <radius>0</radius>
        </control>
        <control controlID="1942EF30-748D-48C1-82BD-E27A08AAA25D" controlTypeID="List" x="0" y="22" w="200" h="110" zOrder="2">
          <isShow>False</isShow>
          <canMove>False</canMove>
          <alias>dropDown</alias>
          <font family="%E5%BE%AE%E8%BD%AF%E9%9B%85%E9%BB%91" displayName="%E5%BE%AE%E8%BD%AF%E9%9B%85%E9%BB%91" postScript="" weightStyle="Regular" weight="400" isBold="False" isItalic="False"/>
          <text>%E5%B0%8F%E5%9E%8B%E4%BC%9A%E8%AE%AE%EF%BC%9A10-20%E4%BA%BA%0D%0A%E4%B8%AD%E5%9E%8B%E4%BC%9A%E8%AE%AE%EF%BC%9A20-50%E4%BA%BA%0D%0A%E5%A4%A7%E5%9E%8B%E4%BC%9A%E8%AE%AE%EF%BC%9A50-70%E4%BA%BA%0D%0A%E7%89%B9%E5%A4%A7%E5%9E%8B%E4%BC%9A%E8%AE%AE%EF%BC%9A70-100%E4%BA%BA%0D%0A%E5%85%B6%E4%BB%96%EF%BC%88%E8%AF%B7%E5%A1%AB%E5%86%99%E4%BA%BA%E6%95%B0%E8%8C%83%E5%9B%B4%EF%BC%89</text>
          <textSize>14</textSize>
          <lineSpacing>18</lineSpacing>
          <itemHeight>22</itemHeight>
          <interlaceColor>4294967295</interlaceColor>
        </control>
      </groupChildrenDescriptors>
      <baseHeight>22</baseHeight>
      <font family="%E5%BE%AE%E8%BD%AF%E9%9B%85%E9%BB%91"/>
      <textSize>14</textSize>
    </control>
    <control controlID="70597043-B10F-4020-9666-D5E2B171B73D" controlTypeID="Label" x="25" y="336" w="69" h="19" zOrder="15">
      <font family="%E5%BE%AE%E8%BD%AF%E9%9B%85%E9%BB%91" displayName="%E5%BE%AE%E8%BD%AF%E9%9B%85%E9%BB%91" postScript="" weightStyle="Regular" weight="400" isBold="False" isItalic="False"/>
      <text>%E6%8E%A5%E5%BE%85%E6%A0%87%E5%87%86%EF%BC%9A</text>
      <lineSpacing>18</lineSpacing>
      <selectedIndex>-1</selectedIndex>
    </control>
    <control controlID="7F6A7F12-D9C9-4DE6-90E0-15F904A0F8C4" controlTypeID="CompositeComboBox" x="106" y="335" w="200" h="22" zOrder="16">
      <groupChildrenDescriptors>
        <control controlID="0725972D-05D3-4F8C-8C40-69ACF98E9DDB" controlTypeID="TextInput" x="0" y="0" w="177" h="22" zOrder="0">
          <locked>True</locked>
          <canMove>False</canMove>
          <alias>input</alias>
          <font family="%E5%BE%AE%E8%BD%AF%E9%9B%85%E9%BB%91" displayName="%E5%BE%AE%E8%BD%AF%E9%9B%85%E9%BB%91" postScript="" weightStyle="Regular" weight="400" isBold="False" isItalic="False"/>
          <text>%E4%B8%80%E7%BA%A7%E6%8E%A5%E5%BE%85%E6%A0%87%E5%87%86</text>
          <lineSpacing>18</lineSpacing>
          <selectedIndex>-1</selectedIndex>
        </control>
        <control controlID="EE9A5BC1-1B64-4CDC-BB37-91BD42ACA329" controlTypeID="Button" x="176" y="0" w="24" h="22" zOrder="1">
          <locked>True</locked>
          <canMove>False</canMove>
          <alias>button</alias>
          <font family="%E5%BE%AE%E8%BD%AF%E9%9B%85%E9%BB%91" displayName="%E5%BE%AE%E8%BD%AF%E9%9B%85%E9%BB%91" postScript="" weightStyle="Regular" weight="400" isBold="False" isItalic="False"/>
          <lineSpacing>18</lineSpacing>
          <selectedIndex>-1</selectedIndex>
          <radius>0</radius>
        </control>
        <control controlID="4C9CB6CB-1F61-4003-8086-1055C21DAF7D" controlTypeID="List" x="0" y="22" w="200" h="66" zOrder="2">
          <isShow>False</isShow>
          <canMove>False</canMove>
          <alias>dropDown</alias>
          <font family="%E5%BE%AE%E8%BD%AF%E9%9B%85%E9%BB%91" displayName="%E5%BE%AE%E8%BD%AF%E9%9B%85%E9%BB%91" postScript="" weightStyle="Regular" weight="400" isBold="False" isItalic="False"/>
          <text>%E4%B8%80%E7%BA%A7%E6%8E%A5%E5%BE%85%E6%A0%87%E5%87%86%0D%0A%E4%BA%8C%E7%BA%A7%E6%8E%A5%E5%BE%85%E6%A0%87%E5%87%86%0D%0A%E4%B8%89%E7%BA%A7%E6%8E%A5%E5%BE%85%E6%A0%87%E5%87%86</text>
          <textSize>14</textSize>
          <lineSpacing>18</lineSpacing>
          <itemHeight>22</itemHeight>
          <interlaceColor>4294967295</interlaceColor>
        </control>
      </groupChildrenDescriptors>
      <baseHeight>22</baseHeight>
      <font family="%E5%BE%AE%E8%BD%AF%E9%9B%85%E9%BB%91"/>
      <textSize>14</textSize>
    </control>
    <control controlID="ABCAFE0B-F22A-4161-9D08-8AC79CD9C347" controlTypeID="Icon" x="316" y="335" w="20" h="20" zOrder="17">
      <interactiveData>
        <entry title="">
          <area shape="0" alt="" ID="{F0682F45-4C7D-4972-9915-74C181AD904A}" coords="(0,0,20,20)"/>
          <events title="">
            <event eventType="atClick" isChecked="True">
              <behaviour title="" isChecked="True" isWait="False" isLoop="False" execMode="emParallel">
                <target targetID="868712D5-AAA6-46DC-8A46-AAC39B9B0F86" isChecked="True" isAutoRecovery="False" isLoop="False" execMode="emSequence">
                  <command name="Popup State Change" isChecked="True" descrition="">
                    <param name="AniInterpolation" value="0" varType="3" description=""/>
                    <param name="AniDuration" value="200" varType="3" description=""/>
                    <param name="AniAutoReverse" value="False" varType="11" description=""/>
                    <param name="AniLoop" value="False" varType="11" description=""/>
                    <param name="AniInterpolationTypeOut" value="False" varType="11" description=""/>
                    <param name="Delay" value="0" varType="3" description=""/>
                    <param name="Value" value="2" varType="3" description=""/>
                    <param name="AniType" value="0" varType="3" description=""/>
                  </command>
                </target>
              </behaviour>
            </event>
          </events>
        </entry>
      </interactiveData>
      <icon>
        <ID/>
        <iconFontName>jdIonicons</iconFontName>
        <iconCode>62534</iconCode>
      </icon>
      <URL>990CA4290E0F8641BAD13D60EB8DBB90.svg</URL>
    </control>
    <control controlID="AF733248-2EA6-4198-AB64-657D4F47F80B" controlTypeID="Label" x="25" y="368" w="69" h="19" zOrder="18">
      <font family="%E5%BE%AE%E8%BD%AF%E9%9B%85%E9%BB%91" displayName="%E5%BE%AE%E8%BD%AF%E9%9B%85%E9%BB%91" postScript="" weightStyle="Regular" weight="400" isBold="False" isItalic="False"/>
      <text>%E4%BC%9A%E8%AE%AE%E8%B4%B9%E7%94%A8%EF%BC%9A</text>
      <lineSpacing>18</lineSpacing>
      <selectedIndex>-1</selectedIndex>
    </control>
    <control controlID="77432E15-8F23-4BD5-9B16-0B73A4F18B60" controlTypeID="CompositeComboBox" x="106" y="368" w="200" h="21" zOrder="19">
      <groupChildrenDescriptors>
        <control controlID="DC2A2B27-595A-4DB7-BBC3-96BF4C7B478E" controlTypeID="TextInput" x="0" y="0" w="177" h="21" zOrder="0">
          <locked>True</locked>
          <canMove>False</canMove>
          <alias>input</alias>
          <font family="%E5%BE%AE%E8%BD%AF%E9%9B%85%E9%BB%91" displayName="%E5%BE%AE%E8%BD%AF%E9%9B%85%E9%BB%91" postScript="" weightStyle="Regular" weight="400" isBold="False" isItalic="False"/>
          <text>%E6%94%BF%E5%BA%9C%E5%AE%89%E6%8E%92</text>
          <lineSpacing>18</lineSpacing>
          <selectedIndex>-1</selectedIndex>
        </control>
        <control controlID="552D1CCD-7A31-4A2A-BEF7-A28BC5765F0B" controlTypeID="Button" x="176" y="0" w="24" h="21" zOrder="1">
          <locked>True</locked>
          <canMove>False</canMove>
          <alias>button</alias>
          <font family="%E5%BE%AE%E8%BD%AF%E9%9B%85%E9%BB%91" displayName="%E5%BE%AE%E8%BD%AF%E9%9B%85%E9%BB%91" postScript="" weightStyle="Regular" weight="400" isBold="False" isItalic="False"/>
          <lineSpacing>18</lineSpacing>
          <selectedIndex>-1</selectedIndex>
          <radius>0</radius>
        </control>
        <control controlID="D7E01AEE-83BE-452C-B8EE-271E26BB1B08" controlTypeID="List" x="0" y="21" w="200" h="84" zOrder="2">
          <isShow>False</isShow>
          <canMove>False</canMove>
          <alias>dropDown</alias>
          <font family="%E5%BE%AE%E8%BD%AF%E9%9B%85%E9%BB%91" displayName="%E5%BE%AE%E8%BD%AF%E9%9B%85%E9%BB%91" postScript="" weightStyle="Regular" weight="400" isBold="False" isItalic="False"/>
          <text>%E6%94%BF%E5%BA%9C%E5%AE%89%E6%8E%92%0D%0A%E9%A1%B9%E7%9B%AE%E7%BB%84%E6%89%BF%E6%8B%85%0D%0A%E7%A0%94%E7%A9%B6%E9%99%A2%E6%89%BF%E6%8B%85%0D%0A%E4%BC%81%E4%B8%9A%E6%89%BF%E6%8B%85</text>
          <textSize>14</textSize>
          <lineSpacing>18</lineSpacing>
          <itemHeight>21</itemHeight>
          <interlaceColor>4294967295</interlaceColor>
        </control>
      </groupChildrenDescriptors>
      <baseHeight>21</baseHeight>
      <font family="%E5%BE%AE%E8%BD%AF%E9%9B%85%E9%BB%91"/>
      <textSize>14</textSize>
    </control>
    <control controlID="C0593146-6214-4C62-94C1-E71CE3E65B41" controlTypeID="Label" x="25" y="399" w="75" h="19" zOrder="20">
      <font family="%E5%BE%AE%E8%BD%AF%E9%9B%85%E9%BB%91" displayName="%E5%BE%AE%E8%BD%AF%E9%9B%85%E9%BB%91" postScript="" weightStyle="Regular" weight="400" isBold="False" isItalic="False"/>
      <text>%E6%8B%9F%E9%82%80%E8%AF%B7%E4%B8%93%E5%AE%B6</text>
      <lineSpacing>18</lineSpacing>
      <selectedIndex>-1</selectedIndex>
    </control>
    <control controlID="627BEF65-781D-421B-9B40-34F30E9982AE" controlTypeID="Label" x="25" y="431" w="61" h="19" zOrder="21">
      <font family="%E5%BE%AE%E8%BD%AF%E9%9B%85%E9%BB%91" displayName="%E5%BE%AE%E8%BD%AF%E9%9B%85%E9%BB%91" postScript="" weightStyle="Regular" weight="400" isBold="False" isItalic="False"/>
      <text>%E5%BF%85%E9%A1%BB%E5%87%BA%E5%B8%AD</text>
      <lineSpacing>18</lineSpacing>
      <selectedIndex>-1</selectedIndex>
    </control>
    <control controlID="2081963C-9C9F-494B-B59F-F128F9EE4F98" controlTypeID="Label" x="25" y="468" w="61" h="19" zOrder="22">
      <font family="%E5%BE%AE%E8%BD%AF%E9%9B%85%E9%BB%91" displayName="%E5%BE%AE%E8%BD%AF%E9%9B%85%E9%BB%91" postScript="" weightStyle="Regular" weight="400" isBold="False" isItalic="False"/>
      <text>%E5%8F%AF%E9%80%89%E5%87%BA%E5%B8%AD</text>
      <lineSpacing>18</lineSpacing>
      <selectedIndex>-1</selectedIndex>
    </control>
    <control controlID="BC7BBA9B-83F3-47DC-B2F1-037AE6ADDF9C" controlTypeID="Icon" x="163" y="429" w="24" h="24" zOrder="23">
      <links eventType="AtClick" animate="AmNone" animateAutoDelay="0" animateDuration="500">
        <link targetPageID="EA6D252E-B4DD-481E-B216-C0B642E43A04" linkType="ltPageLink" isApplyIncludePage="False" title="%E4%B8%93%E5%AE%B6%E5%88%97%E8%A1%A8">
          <area shape="0" alt="" ID="{831D7EC0-A6D9-4437-9837-A5E60383B444}" coords="(0,0,24,24)"/>
        </link>
      </links>
      <icon>
        <ID/>
        <iconFontName>jdIonicons</iconFontName>
        <iconCode>62367</iconCode>
      </icon>
      <URL>A80D6A7386217507CD46AA24148CB327.svg</URL>
    </control>
    <control controlID="96EFA3B8-69AF-4F62-A5BB-36F91C56EAEE" controlTypeID="Icon" x="106" y="466" w="24" h="24" zOrder="24">
      <links eventType="AtClick" animate="AmNone" animateAutoDelay="0" animateDuration="500">
        <link targetPageID="EA6D252E-B4DD-481E-B216-C0B642E43A04" linkType="ltPageLink" isApplyIncludePage="False" title="%E4%B8%93%E5%AE%B6%E5%88%97%E8%A1%A8">
          <area shape="0" alt="" ID="{464D0CC9-D4AF-45A4-83EB-1FC1AA854FA2}" coords="(0,0,24,24)"/>
        </link>
      </links>
      <icon>
        <ID/>
        <iconFontName>jdIonicons</iconFontName>
        <iconCode>62367</iconCode>
      </icon>
      <URL>A80D6A7386217507CD46AA24148CB327.svg</URL>
    </control>
    <control controlID="CA6F3A1B-CFD8-4C92-8765-B1D46A9C3EDD" controlTypeID="Button" x="99" y="518" w="192" h="50" zOrder="25">
      <links eventType="AtClick" animate="AmNone" animateAutoDelay="0" animateDuration="500">
        <link targetPageID="CB297DC6-4427-4D26-8695-4FEE70649189" linkType="ltPageLink" isApplyIncludePage="False" title="%E5%8F%91%E9%80%81%E9%A2%84%E7%BA%A6%E7%94%B3%E8%AF%B7">
          <area shape="0" alt="" ID="{AEE69041-4E5D-4BE4-9F3B-A706D91DB323}" coords="(0,0,192,50)"/>
        </link>
      </links>
      <font family="%E5%BE%AE%E8%BD%AF%E9%9B%85%E9%BB%91" displayName="%E5%BE%AE%E8%BD%AF%E9%9B%85%E9%BB%91" postScript="" weightStyle="Regular" weight="400" isBold="False" isItalic="False"/>
      <text>%E7%A1%AE%E5%AE%9A%E7%94%B3%E8%AF%B7%E4%BC%9A%E8%AE%AE</text>
      <lineSpacing>18</lineSpacing>
      <selectedIndex>-1</selectedIndex>
    </control>
    <control controlID="860345BB-1DBF-43D8-A19A-67E68F549E52" controlTypeID="Label" x="106" y="431" w="34" h="19" zOrder="26">
      <font family="%E5%BE%AE%E8%BD%AF%E9%9B%85%E9%BB%91" displayName="%E5%BE%AE%E8%BD%AF%E9%9B%85%E9%BB%91" postScript="" weightStyle="Regular" weight="400" isBold="False" isItalic="False"/>
      <text>%E7%8E%8Bxx</text>
      <lineSpacing>18</lineSpacing>
      <selectedIndex>-1</selectedIndex>
    </control>
    <control controlID="868712D5-AAA6-46DC-8A46-AAC39B9B0F86" controlTypeID="PopupPanel" x="421" y="487" w="46" h="46" zOrder="27">
      <groupChildrenDescriptors>
        <control controlID="4F5EDBDD-023E-4800-A1B3-462DDCCA060F" controlTypeID="Panel" x="0" y="0" w="375" h="757" zOrder="0">
          <locked>True</locked>
          <color>1879048192</color>
          <borderVisible>False</borderVisible>
          <canMove>False</canMove>
          <alias>background</alias>
          <groupChildrenDescriptors>
            <control controlID="23280A60-2AC2-4508-9BA0-AA1860901D74" controlTypeID="Border" x="0" y="0" w="375" h="757" zOrder="0">
              <caption>%E8%BE%B9%E6%A1%86</caption>
              <borderVisible>False</borderVisible>
              <alias>borderLayer</alias>
            </control>
          </groupChildrenDescriptors>
          <thinkness>1</thinkness>
        </control>
        <control controlID="3023B49D-4F93-4A90-B0AB-E7B03AAD149E" controlTypeID="PopupPanelContent" x="41" y="221" w="243" h="334" zOrder="1">
          <color>16777215</color>
          <alias>content</alias>
          <groupChildrenDescriptors>
            <control controlID="D39D4506-AEF4-4189-873E-CC41D404FB1E" controlTypeID="Shape" x="0" y="0" w="243" h="334" zOrder="0">
              <font family="%E5%BE%AE%E8%BD%AF%E9%9B%85%E9%BB%91" displayName="%E5%BE%AE%E8%BD%AF%E9%9B%85%E9%BB%91" postScript="" weightStyle="Regular" weight="400" isBold="False" isItalic="False"/>
              <text>%E4%BC%9A%E8%AE%AE%E6%8E%A5%E5%BE%85%E6%A0%87%E5%87%86%EF%BC%9A%0D%0A%E4%B8%80%E7%BA%A7%E6%8E%A5%E5%BE%85%E6%A0%87%E5%87%86%EF%BC%9A%0D%0A%E5%8F%82%E4%BC%9A%E4%BA%BA%E5%91%98%E7%BA%A7%E5%88%AB%EF%BC%9A%E7%9C%81%E5%86%85%E3%80%81%E5%A4%96%E5%B8%82%E7%BA%A7%E4%BB%A5%E4%B8%8A%E9%A2%86%E5%AF%BC%E3%80%81%E9%87%91%E8%9E%8D%E6%9C%BA%E6%9E%84%E8%A1%8C%E9%95%BF%E3%80%81%E4%B8%93%E5%AE%B6%E7%AD%89%EF%BC%9B%0D%0A%E9%99%AA%E5%90%8C%E4%BA%BA%E5%91%98%EF%BC%9A%E9%9B%86%E5%9B%A2%E9%A2%86%E5%AF%BC%E3%80%81%E8%91%A3%E4%BA%8B%E9%95%BF%E3%80%81%E6%80%BB%E7%BB%8F%E7%90%86%E5%8F%8A%E7%9B%B8%E5%85%B3%E9%83%A8%E9%97%A8%E9%A2%86%E5%AF%BC%E7%AD%89%EF%BC%9B%0D%0A%E4%BC%9A%E6%99%A4%E9%99%AA%E5%90%8C%E4%BA%BA%E5%91%98%EF%BC%9A%E9%9B%86%E5%9B%A2%E9%A2%86%E5%AF%BC%E3%80%81%E8%91%A3%E4%BA%8B%E9%95%BF%E3%80%81%E6%80%BB%E7%BB%8F%E7%90%86%E5%8F%8A%E7%9B%B8%E5%85%B3%E9%83%A8%E9%97%A8%E9%A2%86%E5%AF%BC%E7%AD%89%EF%BC%9B%0D%0A%E4%B8%8B%E6%A6%BB%E9%85%92%E5%BA%97%E6%A0%87%E5%87%86%EF%BC%9A%E4%BA%94%E6%98%9F%E5%8F%8A%E5%87%86%E4%BA%94%E6%98%9F%E9%85%92%E5%BA%97%0D%0A%E7%94%A8%E8%BD%A6%E6%A0%87%E5%87%86%EF%BC%9A%E5%A5%94%E9%A9%B0%E5%95%86%E5%8A%A1%E3%80%81%E8%80%83%E6%96%AF%E7%89%B9%E6%88%96%E5%90%8C%E7%B1%BB%E5%88%AB%E5%85%B6%E4%BB%96%E8%BD%A6%E8%BE%86%EF%BC%88%E6%A0%B9%E6%8D%AE%E5%8F%82%E4%BC%9A%E4%BA%BA%E6%95%B0%E4%B8%8D%E5%90%8C%EF%BC%89%0D%0A%E4%BC%9A%E9%A4%90%E6%A0%87%E5%87%86%EF%BC%9A200%E5%85%83%2F%E4%BD%8D%E3%80%82%EF%BC%88%E6%8C%89%E5%AE%A2%E6%88%B7%E9%9C%80%E6%B1%82%EF%BC%89%0D%0A%E4%BC%9A%E8%AE%AE%E6%9C%8D%E5%8A%A1%EF%BC%9A%E6%B6%B2%E6%99%B6%E5%B1%8F%E5%B9%95%E6%98%BE%E7%A4%BA%E3%80%81%E6%A8%AA%E5%B9%85%E3%80%81%E8%8C%B6%E6%AD%87%E6%9C%8D%E5%8A%A1%EF%BC%88%E6%A0%B9%E6%8D%AE%E4%B8%8D%E5%90%8C%E5%AD%A3%E8%8A%82%EF%BC%8C%E4%B8%8D%E5%90%8C%E5%9C%B0%E7%82%B9%E9%80%89%E6%8B%A9%E4%B8%8D%E5%90%8C%E8%8C%B6%E5%93%81%E5%8F%8A%E8%8C%B6%E7%82%B9%EF%BC%89%E3%80%81%E7%A4%BC%E4%BB%AA%E7%AD%89%E3%80%82%EF%BC%88%E6%8C%89%E5%AE%A2%E6%88%B7%E6%B5%81%E7%A8%8B%E9%9C%80%E6%B1%82%E5%AE%9A%EF%BC%89%0D%0A%0D%0A%E4%BA%8C%E7%BA%A7%E6%8E%A5%E5%BE%85%E6%A0%87%E5%87%86%EF%BC%9A%0D%0A%E5%8F%82%E4%BC%9A%E4%BA%BA%E5%91%98%E7%BA%A7%E5%88%AB%EF%BC%9A%E7%9C%81%E5%A4%96%E5%A4%84%E3%80%81%E5%B1%80%E7%BA%A7%E4%BB%A5%E4%B8%8A%E9%A2%86%E5%AF%BC%EF%BC%8C%E7%9C%81%E5%86%85%E5%8E%BF%E7%BA%A7%E4%BB%A5%E4%B8%8A%E9%A2%86%E5%AF%BC%E7%AD%89%EF%BC%9B%0D%0A%E9%99%AA%E5%90%8C%E4%BA%BA%E5%91%98%EF%BC%9A%E6%80%BB%E8%A3%81%E5%8A%A9%E7%90%86%E3%80%81%E6%80%BB%E7%BB%8F%E7%90%86%E3%80%81%E5%89%AF%E6%80%BB%E7%BB%8F%E7%90%86%E7%AD%89%EF%BC%9B%0D%0A%E4%BC%9A%E6%99%A4%E9%99%AA%E5%90%8C%E4%BA%BA%E5%91%98%EF%BC%9A%E6%80%BB%E7%BB%8F%E7%90%86%E3%80%81%E5%89%AF%E6%80%BB%E7%BB%8F%E7%90%86%E5%8F%8A%E7%9B%B8%E5%85%B3%E9%83%A8%E9%97%A8%E8%B4%9F%E8%B4%A3%E4%BA%BA%E7%AD%89%EF%BC%88%E6%A0%B9%E6%8D%AE%E6%9D%A5%E8%AE%BF%E7%9B%AE%E7%9A%84%E7%A1%AE%E5%AE%9A%EF%BC%89%EF%BC%9B%0D%0A%E4%B8%8B%E6%A6%BB%E9%85%92%E5%BA%97%E6%A0%87%E5%87%86%EF%BC%9A%E5%9B%9B%E6%98%9F%E6%88%96%E5%87%86%E5%9B%9B%E6%98%9F%E9%85%92%E5%BA%97%0D%0A%E7%94%A8%E8%BD%A6%E6%A0%87%E5%87%86%EF%BC%9A%E6%99%AE%E9%80%9A%E5%95%86%E5%8A%A1%E6%88%96%E5%90%8C%E7%B1%BB%E5%88%AB%E5%85%B6%E4%BB%96%E8%BD%A6%E8%BE%86%EF%BC%88%E6%A0%B9%E6%8D%AE%E5%8F%82%E4%BC%9A%E4%BA%BA%E6%95%B0%E4%B8%8D%E5%90%8C%EF%BC%89%0D%0A%E4%BC%9A%E9%A4%90%E6%A0%87%E5%87%86%EF%BC%9A130%E5%85%83%2F%E4%BD%8D%E3%80%82%EF%BC%88%E6%8C%89%E5%AE%A2%E6%88%B7%E9%9C%80%E6%B1%82%EF%BC%89%0D%0A%E4%BC%9A%E8%AE%AE%E6%9C%8D%E5%8A%A1%EF%BC%9A%E6%B6%B2%E6%99%B6%E5%B1%8F%E5%B9%95%E6%98%BE%E7%A4%BA%E3%80%81%E6%A8%AA%E5%B9%85%E3%80%81%E8%8C%B6%E6%AD%87%E6%9C%8D%E5%8A%A1%E3%80%81%E7%A4%BC%E4%BB%AA%E7%AD%89%E3%80%82%EF%BC%88%E6%8C%89%E5%AE%A2%E6%88%B7%E6%B5%81%E7%A8%8B%E9%9C%80%E6%B1%82%E5%AE%9A%EF%BC%89%0D%0A%0D%0A%E4%B8%89%E7%BA%A7%E6%8E%A5%E5%BE%85%E6%A0%87%E5%87%86%EF%BC%9A%0D%0A%E6%9D%A5%E8%AE%BF%E4%BA%BA%E5%91%98%E7%BA%A7%E5%88%AB%EF%BC%9A%E6%97%A5%E5%B8%B8%E6%9D%A5%E8%AE%BF%E4%BA%BA%E5%91%98%E3%80%81%E7%BB%8F%E9%94%80%E5%95%86%E7%AD%89%0D%0A%E6%8E%A5%E6%9C%BA%E9%99%AA%E5%90%8C%E4%BA%BA%E5%91%98%EF%BC%9A%E9%83%A8%E9%97%A8%E7%BB%8F%E7%90%86%E3%80%81%E5%A4%96%E8%81%94%E6%8E%A5%E5%BE%85%E7%AD%89%0D%0A%E4%BC%9A%E6%99%A4%E9%99%AA%E5%90%8C%E4%BA%BA%E5%91%98%EF%BC%9A%E5%89%AF%E6%80%BB%E3%80%81%E9%83%A8%E9%97%A8%E7%BB%8F%E7%90%86%E7%AD%89%EF%BC%88%E6%A0%B9%E6%8D%AE%E6%9D%A5%E8%AE%BF%E7%9B%AE%E7%9A%84%E7%A1%AE%E5%AE%9A%EF%BC%89%0D%0A%E4%B8%8B%E6%A6%BB%E9%85%92%E5%BA%97%E6%A0%87%E5%87%86%EF%BC%9A%E4%B8%89%E6%98%9F%E6%88%96%E5%87%86%E4%B8%89%E6%98%9F%0D%0A%E7%94%A8%E8%BD%A6%E6%A0%87%E5%87%86%EF%BC%9A%E6%99%AE%E9%80%9A%E5%AE%A2%E8%BD%A6%E6%88%96%E5%90%8C%E7%B1%BB%E5%88%AB%E5%85%B6%E4%BB%96%E8%BD%A6%E8%BE%86%EF%BC%88%E6%A0%B9%E6%8D%AE%E5%8F%82%E4%BC%9A%E4%BA%BA%E6%95%B0%E4%B8%8D%E5%90%8C%EF%BC%89%0D%0A%E4%BC%9A%E9%A4%90%E6%A0%87%E5%87%86%EF%BC%9A70%E5%85%83%2F%E4%BD%8D%E3%80%82%EF%BC%88%E6%8C%89%E5%AE%A2%E6%88%B7%E9%9C%80%E6%B1%82%EF%BC%89%0D%0A%E4%BC%9A%E8%AE%AE%E6%9C%8D%E5%8A%A1%EF%BC%9A%E6%B6%B2%E6%99%B6%E5%B1%8F%E5%B9%95%E6%98%BE%E7%A4%BA%E3%80%81%E6%A8%AA%E5%B9%85%E3%80%81%E8%8C%B6%E6%AD%87%E6%9C%8D%E5%8A%A1%E3%80%81%E7%A4%BC%E4%BB%AA%E7%AD%89%E3%80%82%EF%BC%88%E6%8C%89%E5%AE%A2%E6%88%B7%E6%B5%81%E7%A8%8B%E9%9C%80%E6%B1%82%E5%AE%9A%EF%BC%89%E3%80%82%0D%0A</text>
              <textSize>14</textSize>
              <textAlign>HaLeft</textAlign>
              <lineSpacing>18</lineSpacing>
              <selectedIndex>-1</selectedIndex>
            </control>
          </groupChildrenDescriptors>
        </control>
      </groupChildrenDescriptors>
    </control>
  </controls>
  <param>
    <backgroundColor>4294967295</backgroundColor>
    <fontSize>0</fontSize>
    <fontFamily/>
    <guideLines/>
  </param>
</mockup>