﻿<mockup version="4.8" minAllowVersion="4.8" ID="08EEE71A-F3FC-4337-A2BA-EC3EAD59D359" platform="MtMobile" defaultW="375" defaultH="667" screenOrientation="MoPortrait" mobileScreenScale="1.77777779102325" measureW="375" measureH="667" clipArea="(0,0,0,0)">
  <controls controlCount="7">
    <control controlID="529102A2-3B94-4C90-9F43-CC4A073AF16A" controlTypeID="Top ActionBar" x="0" y="20" w="375" h="48" zOrder="0">
      <color>4292730333</color>
      <links eventType="AtClick" animate="AmNone" animateAutoDelay="0" animateDuration="500">
        <link targetPageID="08EEE71A-F3FC-4337-A2BA-EC3EAD59D359" linkType="ltPageLink" isApplyIncludePage="False" title="%E4%B8%AA%E4%BA%BA%E4%BF%A1%E6%81%AF">
          <area shape="0" alt="" ID="{865DC430-2B28-4E02-9960-B8391A7D34C8}" coords="(2,4,42,44)"/>
        </link>
        <link targetPageID="" linkType="ltPageLink" isApplyIncludePage="False" title="%E8%8F%9C%E5%8D%95">
          <area shape="0" alt="" ID="{35E3D3FD-0E76-41C6-9B21-2FBF4C707AB8}" coords="(328,4,368,44)"/>
        </link>
      </links>
      <font family="%E5%BE%AE%E8%BD%AF%E9%9B%85%E9%BB%91" displayName="%E5%BE%AE%E8%BD%AF%E9%9B%85%E9%BB%91" postScript="" weightStyle="Regular" weight="400" isBold="False" isItalic="False"/>
      <text>%E4%B8%AA%E4%BA%BA%E4%BF%A1%E6%81%AF</text>
      <textSize>14</textSize>
      <lineSpacing>18</lineSpacing>
    </control>
    <control controlID="870737A8-7B9C-4A2A-A7C9-E1BBC1B94195" controlTypeID="StatusBar(IOS)" x="0" y="0" w="375" h="20" zOrder="1"/>
    <control controlID="3AE646E3-2C74-474D-8FE7-5FEF60BC0E0A" controlTypeID="Label" x="36" y="95" w="89" h="19" zOrder="2">
      <font family="%E5%BE%AE%E8%BD%AF%E9%9B%85%E9%BB%91" displayName="%E5%BE%AE%E8%BD%AF%E9%9B%85%E9%BB%91" postScript="" weightStyle="Regular" weight="400" isBold="False" isItalic="False"/>
      <text>%E6%88%91%E7%9A%84%E9%A2%84%E7%BA%A6%E8%AE%B0%E5%BD%95</text>
      <lineSpacing>18</lineSpacing>
      <selectedIndex>-1</selectedIndex>
    </control>
    <control controlID="7BA4265F-890F-47BA-8E74-8CEF66A6C519" controlTypeID="Label" x="36" y="140" w="329" h="19" zOrder="3">
      <links eventType="AtClick" animate="AmNone" animateAutoDelay="0" animateDuration="500">
        <link targetPageID="6806B9E4-5E0A-4224-97A5-A21FFED1923D" linkType="ltPageLink" isApplyIncludePage="False" title="%E9%A2%84%E7%BA%A6%E6%88%90%E5%8A%9F%E5%90%8E">
          <area shape="0" alt="" ID="{DD9DC234-30E8-4A42-B476-4043157DF4A4}" coords="(0,0,329,19)"/>
        </link>
      </links>
      <font family="%E5%BE%AE%E8%BD%AF%E9%9B%85%E9%BB%91" displayName="%E5%BE%AE%E8%BD%AF%E9%9B%85%E9%BB%91" postScript="" weightStyle="Regular" weight="400" isBold="False" isItalic="False"/>
      <text>%E9%82%AF%E9%83%B8%E5%B8%82%E5%86%AC%E9%98%B2%E4%B8%93%E9%A1%B9%E7%A0%94%E8%AE%A8%E4%BC%9A++++%E7%94%B3%E8%AF%B7%E6%97%B6%E9%97%B4%EF%BC%9A2017%E5%B9%B49%E6%9C%8825%E6%97%A5</text>
      <lineSpacing>18</lineSpacing>
      <selectedIndex>-1</selectedIndex>
    </control>
    <control controlID="44FB9D7D-A8A7-48F0-B7F7-D0A8CD85283F" controlTypeID="Label" x="36" y="177" w="329" h="19" zOrder="4">
      <links eventType="AtClick" animate="AmNone" animateAutoDelay="0" animateDuration="500">
        <link targetPageID="6806B9E4-5E0A-4224-97A5-A21FFED1923D" linkType="ltPageLink" isApplyIncludePage="False" title="%E9%A2%84%E7%BA%A6%E6%88%90%E5%8A%9F%E5%90%8E">
          <area shape="0" alt="" ID="{DD9DC234-30E8-4A42-B476-4043157DF4A4}" coords="(0,0,329,19)"/>
        </link>
      </links>
      <font family="%E5%BE%AE%E8%BD%AF%E9%9B%85%E9%BB%91" displayName="%E5%BE%AE%E8%BD%AF%E9%9B%85%E9%BB%91" postScript="" weightStyle="Regular" weight="400" isBold="False" isItalic="False"/>
      <text>%E9%82%AF%E9%83%B8%E5%B8%82%E5%86%AC%E9%98%B2%E4%B8%93%E9%A1%B9%E7%A0%94%E8%AE%A8%E4%BC%9A++++%E7%94%B3%E8%AF%B7%E6%97%B6%E9%97%B4%EF%BC%9A2017%E5%B9%B49%E6%9C%8825%E6%97%A5</text>
      <lineSpacing>18</lineSpacing>
      <selectedIndex>-1</selectedIndex>
    </control>
    <control controlID="E2A94B5B-B1C3-4219-A1D9-3CE1EFB13FF5" controlTypeID="Label" x="36" y="214" w="329" h="19" zOrder="5">
      <links eventType="AtClick" animate="AmNone" animateAutoDelay="0" animateDuration="500">
        <link targetPageID="6806B9E4-5E0A-4224-97A5-A21FFED1923D" linkType="ltPageLink" isApplyIncludePage="False" title="%E9%A2%84%E7%BA%A6%E6%88%90%E5%8A%9F%E5%90%8E">
          <area shape="0" alt="" ID="{DD9DC234-30E8-4A42-B476-4043157DF4A4}" coords="(0,0,329,19)"/>
        </link>
      </links>
      <font family="%E5%BE%AE%E8%BD%AF%E9%9B%85%E9%BB%91" displayName="%E5%BE%AE%E8%BD%AF%E9%9B%85%E9%BB%91" postScript="" weightStyle="Regular" weight="400" isBold="False" isItalic="False"/>
      <text>%E9%82%AF%E9%83%B8%E5%B8%82%E5%86%AC%E9%98%B2%E4%B8%93%E9%A1%B9%E7%A0%94%E8%AE%A8%E4%BC%9A++++%E7%94%B3%E8%AF%B7%E6%97%B6%E9%97%B4%EF%BC%9A2017%E5%B9%B49%E6%9C%8825%E6%97%A5</text>
      <lineSpacing>18</lineSpacing>
      <selectedIndex>-1</selectedIndex>
    </control>
    <control controlID="AB421C2D-19D0-4238-9A49-78D0613893A2" controlTypeID="Label" x="36" y="250" w="329" h="19" zOrder="6">
      <links eventType="AtClick" animate="AmNone" animateAutoDelay="0" animateDuration="500">
        <link targetPageID="6806B9E4-5E0A-4224-97A5-A21FFED1923D" linkType="ltPageLink" isApplyIncludePage="False" title="%E9%A2%84%E7%BA%A6%E6%88%90%E5%8A%9F%E5%90%8E">
          <area shape="0" alt="" ID="{DD9DC234-30E8-4A42-B476-4043157DF4A4}" coords="(0,0,329,19)"/>
        </link>
      </links>
      <font family="%E5%BE%AE%E8%BD%AF%E9%9B%85%E9%BB%91" displayName="%E5%BE%AE%E8%BD%AF%E9%9B%85%E9%BB%91" postScript="" weightStyle="Regular" weight="400" isBold="False" isItalic="False"/>
      <text>%E9%82%AF%E9%83%B8%E5%B8%82%E5%86%AC%E9%98%B2%E4%B8%93%E9%A1%B9%E7%A0%94%E8%AE%A8%E4%BC%9A++++%E7%94%B3%E8%AF%B7%E6%97%B6%E9%97%B4%EF%BC%9A2017%E5%B9%B49%E6%9C%8825%E6%97%A5</text>
      <lineSpacing>18</lineSpacing>
      <selectedIndex>-1</selectedIndex>
    </control>
  </controls>
  <param>
    <backgroundColor>4294967295</backgroundColor>
    <fontSize>0</fontSize>
    <fontFamily/>
    <guideLines/>
  </param>
</mockup>