﻿<mockup version="4.8" minAllowVersion="4.8" ID="D4A98C33-F8B1-4C25-8D50-E61170F392FA" platform="MtMobile" defaultW="375" defaultH="667" screenOrientation="MoPortrait" mobileScreenScale="1.77777779102325" measureW="375" measureH="667" clipArea="(0,0,0,0)">
  <controls controlCount="5">
    <control controlID="529102A2-3B94-4C90-9F43-CC4A073AF16A" controlTypeID="Top ActionBar" x="0" y="20" w="375" h="48" zOrder="0">
      <color>4292730333</color>
      <links eventType="AtClick" animate="AmNone" animateAutoDelay="0" animateDuration="500">
        <link targetPageID="FD6C4CAF-1EB9-4177-B981-766ADF8F4F5C" linkType="ltPageLink" isApplyIncludePage="False" title="%E9%A6%96%E9%A1%B5">
          <area shape="0" alt="" ID="{A1E043CC-D120-406C-9262-B1086E95E465}" coords="(2,4,42,44)"/>
        </link>
        <link targetPageID="" linkType="ltPageLink" isApplyIncludePage="False" title="%E8%8F%9C%E5%8D%95">
          <area shape="0" alt="" ID="{463D97C5-EB8A-4988-B981-EEBF8A07FCFC}" coords="(328,4,368,44)"/>
        </link>
      </links>
      <font family="%E5%BE%AE%E8%BD%AF%E9%9B%85%E9%BB%91" displayName="%E5%BE%AE%E8%BD%AF%E9%9B%85%E9%BB%91" postScript="" weightStyle="Regular" weight="400" isBold="False" isItalic="False"/>
      <text>%E4%BC%9A%E8%AE%AE%E5%88%97%E8%A1%A8</text>
      <textSize>14</textSize>
      <lineSpacing>18</lineSpacing>
    </control>
    <control controlID="870737A8-7B9C-4A2A-A7C9-E1BBC1B94195" controlTypeID="StatusBar(IOS)" x="0" y="0" w="375" h="20" zOrder="1"/>
    <control controlID="6721F088-4328-4534-BEBA-8D667371D53C" controlTypeID="Shape" x="22" y="110" w="333" h="98" zOrder="2">
      <remarkText>%E7%A0%94%E7%A9%B6%E9%99%A2%E6%9F%A5%E7%9C%8B%E7%95%8C%E9%9D%A2</remarkText>
      <links eventType="AtClick" animate="AmNone" animateAutoDelay="0" animateDuration="500">
        <link targetPageID="1C9D7244-6450-4A48-977A-655D8102239E" linkType="ltPageLink" isApplyIncludePage="False" title="%E9%82%80%E7%BA%A6%E8%AF%A6%E6%83%85">
          <area shape="0" alt="" ID="{89975BA6-884A-40E2-80C6-6B76E22DBE12}" coords="(0,0,333,98)"/>
        </link>
      </links>
      <font family="%E5%BE%AE%E8%BD%AF%E9%9B%85%E9%BB%91" displayName="%E5%BE%AE%E8%BD%AF%E9%9B%85%E9%BB%91" postScript="" weightStyle="Regular" weight="400" isBold="False" isItalic="False"/>
      <text>%E9%82%AF%E9%83%B8%E5%86%AC%E9%98%B2%E4%BC%9A%E8%AE%AE%EF%BC%8C%E6%8C%81%E7%BB%AD%E9%82%80%E7%BA%A6%E4%B8%AD%E2%80%A6%E2%80%A6</text>
      <textSize>14</textSize>
      <lineSpacing>18</lineSpacing>
      <selectedIndex>-1</selectedIndex>
    </control>
    <control controlID="FA5A8579-AAFD-40DE-83F9-F2192426B028" controlTypeID="Shape" x="22" y="229" w="333" h="98" zOrder="3">
      <remarkText>%E7%94%B3%E8%AF%B7%E7%94%A8%E6%88%B7%E6%9F%A5%E7%9C%8B%E7%95%8C%E9%9D%A2</remarkText>
      <links eventType="AtClick" animate="AmNone" animateAutoDelay="0" animateDuration="500">
        <link targetPageID="7DB56864-BD63-4DD8-B953-CE7B173C2B98" linkType="ltPageLink" isApplyIncludePage="False" title="%E9%82%80%E7%BA%A6%E8%AF%A6%E6%83%852">
          <area shape="0" alt="" ID="{BCC73EE6-EF78-4308-9CE6-73CE14B7D8B2}" coords="(0,0,333,98)"/>
        </link>
      </links>
      <font family="%E5%BE%AE%E8%BD%AF%E9%9B%85%E9%BB%91" displayName="%E5%BE%AE%E8%BD%AF%E9%9B%85%E9%BB%91" postScript="" weightStyle="Regular" weight="400" isBold="False" isItalic="False"/>
      <text>%E5%BB%8A%E5%9D%8A%E5%86%AC%E9%98%B2%E4%BC%9A%E8%AE%AE%EF%BC%8C%E6%8C%81%E7%BB%AD%E9%82%80%E7%BA%A6%E4%B8%AD%E2%80%A6%E2%80%A6</text>
      <textSize>14</textSize>
      <lineSpacing>18</lineSpacing>
      <selectedIndex>-1</selectedIndex>
    </control>
    <control controlID="5F14FC59-D003-45D8-9E19-5F18E99DF560" controlTypeID="Shape" x="22" y="355" w="333" h="98" zOrder="4">
      <font family="%E5%BE%AE%E8%BD%AF%E9%9B%85%E9%BB%91" displayName="%E5%BE%AE%E8%BD%AF%E9%9B%85%E9%BB%91" postScript="" weightStyle="Regular" weight="400" isBold="False" isItalic="False"/>
      <text>%E9%83%91%E5%B7%9E%E5%86%AC%E9%98%B2%E4%BC%9A%E8%AE%AE%EF%BC%8C%E6%8C%81%E7%BB%AD%E9%82%80%E7%BA%A6%E4%B8%AD%E2%80%A6%E2%80%A6</text>
      <textSize>14</textSize>
      <lineSpacing>18</lineSpacing>
      <selectedIndex>-1</selectedIndex>
    </control>
  </controls>
  <param>
    <backgroundColor>4294967295</backgroundColor>
    <fontSize>0</fontSize>
    <fontFamily/>
    <guideLines/>
  </param>
</mockup>