﻿<mockup version="4.8" minAllowVersion="4.8" ID="DBA1FA5B-BCA8-4D09-B24A-DC89FB9BC325" platform="MtMobile" defaultW="375" defaultH="667" screenOrientation="MoPortrait" mobileScreenScale="1.77777779102325" measureW="375" measureH="667" clipArea="(0,0,0,0)">
  <controls controlCount="21">
    <control controlID="529102A2-3B94-4C90-9F43-CC4A073AF16A" controlTypeID="Top ActionBar" x="0" y="20" w="375" h="48" zOrder="0">
      <color>4292730333</color>
      <links eventType="AtClick" animate="AmNone" animateAutoDelay="0" animateDuration="500">
        <link targetPageID="E771F584-AC03-4C89-8C48-F5D32C0C3258" linkType="ltPageLink" isApplyIncludePage="False" title="%E6%B6%88%E6%81%AF%E5%88%97%E8%A1%A8">
          <area shape="0" alt="" ID="{A1E043CC-D120-406C-9262-B1086E95E465}" coords="(2,4,42,44)"/>
        </link>
        <link targetPageID="" linkType="ltPageLink" isApplyIncludePage="False" title="%E8%8F%9C%E5%8D%95">
          <area shape="0" alt="" ID="{463D97C5-EB8A-4988-B981-EEBF8A07FCFC}" coords="(328,4,368,44)"/>
        </link>
      </links>
      <font family="%E5%BE%AE%E8%BD%AF%E9%9B%85%E9%BB%91" displayName="%E5%BE%AE%E8%BD%AF%E9%9B%85%E9%BB%91" postScript="" weightStyle="Regular" weight="400" isBold="False" isItalic="False"/>
      <text>%E6%B6%88%E6%81%AF%E8%AF%A6%E6%83%85</text>
      <textSize>14</textSize>
      <lineSpacing>18</lineSpacing>
    </control>
    <control controlID="870737A8-7B9C-4A2A-A7C9-E1BBC1B94195" controlTypeID="StatusBar(IOS)" x="0" y="0" w="375" h="20" zOrder="1"/>
    <control controlID="BD4975D7-7CCC-47AC-AEAE-8389511EF253" controlTypeID="TextArea" x="48" y="81" w="274" h="576" zOrder="2">
      <font family="%E5%BE%AE%E8%BD%AF%E9%9B%85%E9%BB%91" displayName="%E5%BE%AE%E8%BD%AF%E9%9B%85%E9%BB%91" postScript="" weightStyle="Regular" weight="400" isBold="False" isItalic="False"/>
      <text>%E6%82%A8%E6%8F%90%E5%87%BA%E7%9A%84%E4%BC%9A%E8%AE%AE%E7%94%B3%E8%AF%B7%E5%B7%B2%E7%BB%8F%E7%AD%B9%E5%A4%87%E5%AE%8C%E6%88%90%EF%BC%8C%E5%8F%AF%E6%8C%89%E6%9C%9F%E4%B8%BE%E8%A1%8C%EF%BC%8C%E8%AF%B7%E5%B0%BD%E5%BF%AB%E5%AE%89%E6%8E%92%E7%9B%B8%E5%85%B3%E4%BA%8B%E5%AE%9C%0D%0A%0D%0A%E4%BC%9A%E8%AE%AE%E4%BF%A1%E6%81%AF%0D%0A%0D%0A%0D%0A%0D%0A%0D%0A%0D%0A%0D%0A%0D%0A%0D%0A%0D%0A%0D%0A%0D%0A%0D%0A%0D%0A%0D%0A%0D%0A%0D%0A%0D%0A%0D%0A%0D%0A%0D%0A%0D%0A%0D%0A%0D%0A%0D%0A%0D%0A%0D%0A%E5%BB%8A%E5%9D%8A%E6%99%BA%E6%85%A7%E7%8E%AF%E5%A2%83%E7%94%9F%E6%80%81%E4%BA%A7%E4%B8%9A%E7%A0%94%E7%A9%B6%E9%99%A2%0D%0A</text>
      <textAlign>HaCenter</textAlign>
      <lineSpacing>18</lineSpacing>
      <selectedIndex>-1</selectedIndex>
    </control>
    <control controlID="E08D751D-FBE5-4376-8641-CD84834E9CBF" controlTypeID="Label" x="48" y="177" w="173" h="19" zOrder="3">
      <font family="%E5%BE%AE%E8%BD%AF%E9%9B%85%E9%BB%91" displayName="%E5%BE%AE%E8%BD%AF%E9%9B%85%E9%BB%91" postScript="" weightStyle="Regular" weight="400" isBold="False" isItalic="False"/>
      <text>%E4%BC%9A%E8%AE%AE%E5%90%8D%E7%A7%B0%EF%BC%9A%E5%86%AC%E9%98%B2%E4%B8%93%E9%A1%B9%E7%A0%94%E8%AE%A8%E4%BC%9A</text>
      <lineSpacing>18</lineSpacing>
      <selectedIndex>-1</selectedIndex>
    </control>
    <control controlID="3055D1EF-AC3D-415A-A398-09E0EE76AF24" controlTypeID="Label" x="48" y="210" w="145" h="19" zOrder="4">
      <font family="%E5%BE%AE%E8%BD%AF%E9%9B%85%E9%BB%91" displayName="%E5%BE%AE%E8%BD%AF%E9%9B%85%E9%BB%91" postScript="" weightStyle="Regular" weight="400" isBold="False" isItalic="False"/>
      <text>%E7%94%B3%E8%AF%B7%E4%BA%BA%E5%91%98%EF%BC%9A%E9%82%AF%E9%83%B8%E9%A1%B9%E7%9B%AE%E7%BB%84</text>
      <lineSpacing>18</lineSpacing>
      <selectedIndex>-1</selectedIndex>
    </control>
    <control controlID="9154A292-D469-4D67-A652-B081E017C9F9" controlTypeID="Label" x="48" y="239" w="181" h="19" zOrder="5">
      <font family="%E5%BE%AE%E8%BD%AF%E9%9B%85%E9%BB%91" displayName="%E5%BE%AE%E8%BD%AF%E9%9B%85%E9%BB%91" postScript="" weightStyle="Regular" weight="400" isBold="False" isItalic="False"/>
      <text>%E4%BC%9A%E8%AE%AE%E6%97%B6%E9%97%B4%EF%BC%9A2017%E5%B9%B410%E6%9C%8820%E6%97%A5</text>
      <lineSpacing>18</lineSpacing>
      <selectedIndex>-1</selectedIndex>
    </control>
    <control controlID="7E3338F8-620E-4A29-A35F-AC3AA68796FA" controlTypeID="Label" x="48" y="268" w="159" h="19" zOrder="6">
      <font family="%E5%BE%AE%E8%BD%AF%E9%9B%85%E9%BB%91" displayName="%E5%BE%AE%E8%BD%AF%E9%9B%85%E9%BB%91" postScript="" weightStyle="Regular" weight="400" isBold="False" isItalic="False"/>
      <text>%E4%BC%9A%E8%AE%AE%E5%9C%B0%E7%82%B9%EF%BC%9A%E9%82%AF%E9%83%B8%E5%B8%82%E7%8E%AF%E4%BF%9D%E5%B1%80</text>
      <lineSpacing>18</lineSpacing>
      <selectedIndex>-1</selectedIndex>
    </control>
    <control controlID="E2028E52-849E-4A45-BCA7-0D8531E9463D" controlTypeID="Label" x="48" y="326" w="313" h="19" zOrder="7">
      <font family="%E5%BE%AE%E8%BD%AF%E9%9B%85%E9%BB%91" displayName="%E5%BE%AE%E8%BD%AF%E9%9B%85%E9%BB%91" postScript="" weightStyle="Regular" weight="400" isBold="False" isItalic="False"/>
      <text>%E4%BC%9A%E8%AE%AE%E4%B8%BB%E9%A2%98%EF%BC%9A%E9%92%88%E5%AF%B9%E4%BB%8A%E5%B9%B4%E5%86%AC%E9%98%B2%EF%BC%8C%E9%82%AF%E9%83%B8%E5%B8%82%E5%AF%B9%E4%BA%8E%E9%92%A2%E5%8E%82%E7%9A%84%E7%AE%A1%E6%8E%A7</text>
      <lineSpacing>18</lineSpacing>
      <selectedIndex>-1</selectedIndex>
    </control>
    <control controlID="C9157CA2-17C2-4E8F-8C1A-BFF6F65F943B" controlTypeID="Label" x="48" y="355" w="133" h="19" zOrder="8">
      <font family="%E5%BE%AE%E8%BD%AF%E9%9B%85%E9%BB%91" displayName="%E5%BE%AE%E8%BD%AF%E9%9B%85%E9%BB%91" postScript="" weightStyle="Regular" weight="400" isBold="False" isItalic="False"/>
      <text>%E4%BC%9A%E8%AE%AE%E8%A7%84%E6%A8%A1%EF%BC%9A10%7E20%E4%BA%BA</text>
      <lineSpacing>18</lineSpacing>
      <selectedIndex>-1</selectedIndex>
    </control>
    <control controlID="425BF26E-7562-42FE-988E-9A6E843E0D20" controlTypeID="Label" x="48" y="297" w="131" h="19" zOrder="9">
      <font family="%E5%BE%AE%E8%BD%AF%E9%9B%85%E9%BB%91" displayName="%E5%BE%AE%E8%BD%AF%E9%9B%85%E9%BB%91" postScript="" weightStyle="Regular" weight="400" isBold="False" isItalic="False"/>
      <text>%E4%BC%9A%E8%AE%AE%E7%B1%BB%E5%9E%8B%EF%BC%9A%E7%8E%B0%E5%9C%BA%E4%BC%9A%E8%AE%AE</text>
      <lineSpacing>18</lineSpacing>
      <selectedIndex>-1</selectedIndex>
    </control>
    <control controlID="3F02F6EC-FAFA-4AE7-AE7F-73AC2636D5D8" controlTypeID="Label" x="48" y="384" w="131" h="19" zOrder="10">
      <font family="%E5%BE%AE%E8%BD%AF%E9%9B%85%E9%BB%91" displayName="%E5%BE%AE%E8%BD%AF%E9%9B%85%E9%BB%91" postScript="" weightStyle="Regular" weight="400" isBold="False" isItalic="False"/>
      <text>%E6%8E%A5%E5%BE%85%E6%A0%87%E5%87%86%EF%BC%9A%E4%BA%8C%E7%BA%A7%E6%A0%87%E5%87%86</text>
      <lineSpacing>18</lineSpacing>
      <selectedIndex>-1</selectedIndex>
    </control>
    <control controlID="B876FB3C-A177-4ADD-A9AF-2144378EB745" controlTypeID="Label" x="48" y="413" w="145" h="19" zOrder="11">
      <font family="%E5%BE%AE%E8%BD%AF%E9%9B%85%E9%BB%91" displayName="%E5%BE%AE%E8%BD%AF%E9%9B%85%E9%BB%91" postScript="" weightStyle="Regular" weight="400" isBold="False" isItalic="False"/>
      <text>%E4%BC%9A%E8%AE%AE%E8%B4%B9%E7%94%A8%EF%BC%9A%E9%A1%B9%E7%9B%AE%E7%BB%84%E6%89%BF%E6%8B%85</text>
      <lineSpacing>18</lineSpacing>
      <selectedIndex>-1</selectedIndex>
    </control>
    <control controlID="428641D5-135B-4797-9519-DB293632761D" controlTypeID="Label" x="48" y="449" w="89" h="19" zOrder="12">
      <font family="%E5%BE%AE%E8%BD%AF%E9%9B%85%E9%BB%91" displayName="%E5%BE%AE%E8%BD%AF%E9%9B%85%E9%BB%91" postScript="" weightStyle="Regular" weight="400" isBold="False" isItalic="False"/>
      <text>%E5%87%BA%E5%B8%AD%E4%B8%93%E5%AE%B6%E5%90%8D%E5%8D%95</text>
      <lineSpacing>18</lineSpacing>
      <selectedIndex>-1</selectedIndex>
    </control>
    <control controlID="955984D9-E322-4E75-8377-BA4BC82F4F4A" controlTypeID="Label" x="48" y="498" w="34" h="19" zOrder="13">
      <font family="%E5%BE%AE%E8%BD%AF%E9%9B%85%E9%BB%91" displayName="%E5%BE%AE%E8%BD%AF%E9%9B%85%E9%BB%91" postScript="" weightStyle="Regular" weight="400" isBold="False" isItalic="False"/>
      <text>%E7%8E%8Bxx</text>
      <lineSpacing>18</lineSpacing>
      <selectedIndex>-1</selectedIndex>
    </control>
    <control controlID="E25DA043-4F7F-4F0D-9886-2F5B7E19B19C" controlTypeID="Label" x="133" y="498" w="34" h="19" zOrder="14">
      <font family="%E5%BE%AE%E8%BD%AF%E9%9B%85%E9%BB%91" displayName="%E5%BE%AE%E8%BD%AF%E9%9B%85%E9%BB%91" postScript="" weightStyle="Regular" weight="400" isBold="False" isItalic="False"/>
      <text>%E5%88%98xx</text>
      <lineSpacing>18</lineSpacing>
      <selectedIndex>-1</selectedIndex>
    </control>
    <control controlID="516964B4-5CBA-42E0-96D1-176FD160DB27" controlTypeID="Label" x="218" y="498" w="34" h="19" zOrder="15">
      <font family="%E5%BE%AE%E8%BD%AF%E9%9B%85%E9%BB%91" displayName="%E5%BE%AE%E8%BD%AF%E9%9B%85%E9%BB%91" postScript="" weightStyle="Regular" weight="400" isBold="False" isItalic="False"/>
      <text>%E5%BC%A0xx</text>
      <lineSpacing>18</lineSpacing>
      <selectedIndex>-1</selectedIndex>
    </control>
    <control controlID="745B1AA9-D4C5-4118-A2A0-F3A63381968B" controlTypeID="Label" x="302" y="497" w="34" h="19" zOrder="16">
      <font family="%E5%BE%AE%E8%BD%AF%E9%9B%85%E9%BB%91" displayName="%E5%BE%AE%E8%BD%AF%E9%9B%85%E9%BB%91" postScript="" weightStyle="Regular" weight="400" isBold="False" isItalic="False"/>
      <text>%E5%BC%A0xx</text>
      <lineSpacing>18</lineSpacing>
      <selectedIndex>-1</selectedIndex>
    </control>
    <control controlID="B590C718-BCE9-492B-9597-42426EE2F089" controlTypeID="Label" x="48" y="527" w="34" h="19" zOrder="17">
      <font family="%E5%BE%AE%E8%BD%AF%E9%9B%85%E9%BB%91" displayName="%E5%BE%AE%E8%BD%AF%E9%9B%85%E9%BB%91" postScript="" weightStyle="Regular" weight="400" isBold="False" isItalic="False"/>
      <text>%E7%8E%8Bxx</text>
      <lineSpacing>18</lineSpacing>
      <selectedIndex>-1</selectedIndex>
    </control>
    <control controlID="9D290F77-0324-46CF-ACF8-B0B658D06A87" controlTypeID="Label" x="132" y="527" w="34" h="19" zOrder="18">
      <font family="%E5%BE%AE%E8%BD%AF%E9%9B%85%E9%BB%91" displayName="%E5%BE%AE%E8%BD%AF%E9%9B%85%E9%BB%91" postScript="" weightStyle="Regular" weight="400" isBold="False" isItalic="False"/>
      <text>%E7%8E%8Bxx</text>
      <lineSpacing>18</lineSpacing>
      <selectedIndex>-1</selectedIndex>
    </control>
    <control controlID="F10324A8-08E2-4C58-883F-86544D4CD568" controlTypeID="Label" x="218" y="527" w="34" h="19" zOrder="19">
      <font family="%E5%BE%AE%E8%BD%AF%E9%9B%85%E9%BB%91" displayName="%E5%BE%AE%E8%BD%AF%E9%9B%85%E9%BB%91" postScript="" weightStyle="Regular" weight="400" isBold="False" isItalic="False"/>
      <text>%E5%88%98xx</text>
      <lineSpacing>18</lineSpacing>
      <selectedIndex>-1</selectedIndex>
    </control>
    <control controlID="6B716B6D-6553-43CE-8234-B574A6C2169B" controlTypeID="Label" x="302" y="527" w="34" h="19" zOrder="20">
      <font family="%E5%BE%AE%E8%BD%AF%E9%9B%85%E9%BB%91" displayName="%E5%BE%AE%E8%BD%AF%E9%9B%85%E9%BB%91" postScript="" weightStyle="Regular" weight="400" isBold="False" isItalic="False"/>
      <text>%E5%BC%A0xx</text>
      <lineSpacing>18</lineSpacing>
      <selectedIndex>-1</selectedIndex>
    </control>
  </controls>
  <param>
    <backgroundColor>4294967295</backgroundColor>
    <fontSize>0</fontSize>
    <fontFamily/>
    <guideLines/>
  </param>
</mockup>