﻿<mockup version="4.8" minAllowVersion="4.8" ID="E771F584-AC03-4C89-8C48-F5D32C0C3258" platform="MtMobile" defaultW="375" defaultH="667" screenOrientation="MoPortrait" mobileScreenScale="1.77777779102325" measureW="375" measureH="667" clipArea="(0,0,0,0)">
  <controls controlCount="5">
    <control controlID="529102A2-3B94-4C90-9F43-CC4A073AF16A" controlTypeID="Top ActionBar" x="0" y="20" w="375" h="48" zOrder="0">
      <color>4292730333</color>
      <links eventType="AtClick" animate="AmNone" animateAutoDelay="0" animateDuration="500">
        <link targetPageID="FD6C4CAF-1EB9-4177-B981-766ADF8F4F5C" linkType="ltPageLink" isApplyIncludePage="False" title="%E9%A6%96%E9%A1%B5">
          <area shape="0" alt="" ID="{74BDF7E7-35E9-48BE-83C5-73A6B8D921C0}" coords="(2,4,42,44)"/>
        </link>
        <link targetPageID="" linkType="ltPageLink" isApplyIncludePage="False" title="%E8%8F%9C%E5%8D%95">
          <area shape="0" alt="" ID="{21537D78-574A-4881-825B-F0ECB652D478}" coords="(328,4,368,44)"/>
        </link>
      </links>
      <font family="%E5%BE%AE%E8%BD%AF%E9%9B%85%E9%BB%91" displayName="%E5%BE%AE%E8%BD%AF%E9%9B%85%E9%BB%91" postScript="" weightStyle="Regular" weight="400" isBold="False" isItalic="False"/>
      <text>%E6%9C%80%E6%96%B0%E6%B6%88%E6%81%AF</text>
      <textSize>14</textSize>
      <lineSpacing>18</lineSpacing>
    </control>
    <control controlID="870737A8-7B9C-4A2A-A7C9-E1BBC1B94195" controlTypeID="StatusBar(IOS)" x="0" y="0" w="375" h="20" zOrder="1"/>
    <control controlID="56BA6113-13B0-4108-A479-773972FBB365" controlTypeID="Shape" x="22" y="124" w="333" h="70" zOrder="2">
      <remarkText>%E7%A0%94%E7%A9%B6%E9%99%A2%E7%94%A8%E6%88%B7%E7%9A%84%E7%95%8C%E9%9D%A2</remarkText>
      <links eventType="AtClick" animate="AmNone" animateAutoDelay="0" animateDuration="500">
        <link targetPageID="9F7D5BE6-9963-4118-95A3-25EDA4EF2F16" linkType="ltPageLink" isApplyIncludePage="False" title="%E6%B6%88%E6%81%AF%E8%AF%A6%E6%83%85">
          <area shape="0" alt="" ID="{121EC19E-99A8-4E40-A5E7-192EF3EC8FC2}" coords="(0,0,333,70)"/>
        </link>
      </links>
      <font family="%E5%BE%AE%E8%BD%AF%E9%9B%85%E9%BB%91" displayName="%E5%BE%AE%E8%BD%AF%E9%9B%85%E9%BB%91" postScript="" weightStyle="Regular" weight="400" isBold="False" isItalic="False"/>
      <text>%E6%82%A8%E6%9C%89%E6%96%B0%E7%9A%84%E4%BC%9A%E8%AE%AE%E7%94%B3%E8%AF%B7%EF%BC%8C%E7%82%B9%E5%87%BB%E6%9F%A5%E7%9C%8B</text>
      <textSize>14</textSize>
      <lineSpacing>18</lineSpacing>
      <selectedIndex>-1</selectedIndex>
    </control>
    <control controlID="8631DD87-C410-46F2-8574-C2B484E44045" controlTypeID="Shape" x="22" y="216" w="333" h="70" zOrder="3">
      <remarkText>%E7%A0%94%E7%A9%B6%E9%99%A2%E7%9A%84%E7%95%8C%E9%9D%A2</remarkText>
      <links eventType="AtClick" animate="AmNone" animateAutoDelay="0" animateDuration="500">
        <link targetPageID="9CFB30DC-8430-4CBA-90D9-3E6389443D4F" linkType="ltPageLink" isApplyIncludePage="False" title="%E5%9B%9E%E5%A4%8D%E8%AF%A6%E6%83%85">
          <area shape="0" alt="" ID="{C7C85479-A06B-4F5D-9797-14C469F5889F}" coords="(0,0,333,70)"/>
        </link>
      </links>
      <font family="%E5%BE%AE%E8%BD%AF%E9%9B%85%E9%BB%91" displayName="%E5%BE%AE%E8%BD%AF%E9%9B%85%E9%BB%91" postScript="" weightStyle="Regular" weight="400" isBold="False" isItalic="False"/>
      <text>%E6%82%A8%E6%9C%89%E6%96%B0%E7%9A%84%E5%9B%9E%E5%A4%8D%EF%BC%8C%E7%82%B9%E5%87%BB%E6%9F%A5%E7%9C%8B</text>
      <textSize>14</textSize>
      <lineSpacing>18</lineSpacing>
      <selectedIndex>-1</selectedIndex>
    </control>
    <control controlID="CF4C2A3F-B56F-4B09-BD95-FC29413EAEC1" controlTypeID="Shape" x="22" y="308" w="333" h="70" zOrder="4">
      <remarkText>%E4%BC%9A%E8%AE%AE%E7%94%B3%E8%AF%B7%E7%94%A8%E6%88%B7%E6%89%8D%E6%9C%89%E7%9A%84%E7%95%8C%E9%9D%A2</remarkText>
      <links eventType="AtClick" animate="AmNone" animateAutoDelay="0" animateDuration="500">
        <link targetPageID="DBA1FA5B-BCA8-4D09-B24A-DC89FB9BC325" linkType="ltPageLink" isApplyIncludePage="False" title="%E8%BF%94%E5%9B%9E%E5%9B%9E%E5%A4%8D">
          <area shape="0" alt="" ID="{87429984-D456-4B4B-88BD-9E07B89FA39E}" coords="(0,0,333,70)"/>
        </link>
      </links>
      <font family="%E5%BE%AE%E8%BD%AF%E9%9B%85%E9%BB%91" displayName="%E5%BE%AE%E8%BD%AF%E9%9B%85%E9%BB%91" postScript="" weightStyle="Regular" weight="400" isBold="False" isItalic="False"/>
      <text>%E6%82%A8%E6%9C%89%E6%96%B0%E6%B6%88%E6%81%AF%EF%BC%8C%E7%82%B9%E5%87%BB%E6%9F%A5%E7%9C%8B</text>
      <textSize>14</textSize>
      <lineSpacing>18</lineSpacing>
      <selectedIndex>-1</selectedIndex>
    </control>
  </controls>
  <param>
    <backgroundColor>4294967295</backgroundColor>
    <fontSize>0</fontSize>
    <fontFamily/>
    <guideLines/>
  </param>
</mockup>