﻿<mockup version="4.8" minAllowVersion="4.8" ID="FD6C4CAF-1EB9-4177-B981-766ADF8F4F5C" platform="MtMobile" defaultW="375" defaultH="667" screenOrientation="MoPortrait" mobileScreenScale="1.77777779102325" measureW="375" measureH="667" clipArea="(0,0,0,0)">
  <controls controlCount="23">
    <control controlID="B5C36354-CFC5-47CC-B941-8EF2EB2A44EE" controlTypeID="Shape" x="15" y="239" w="353" h="150" zOrder="0">
      <color>4291611852</color>
      <font family="%E5%BE%AE%E8%BD%AF%E9%9B%85%E9%BB%91" displayName="%E5%BE%AE%E8%BD%AF%E9%9B%85%E9%BB%91" postScript="" weightStyle="Regular" weight="400" isBold="False" isItalic="False"/>
      <textSize>14</textSize>
      <lineSpacing>18</lineSpacing>
      <selectedIndex>-1</selectedIndex>
    </control>
    <control controlID="D3551E84-F587-43E8-A028-74C3C963CEE8" controlTypeID="Shape" x="15" y="79" w="353" h="150" zOrder="1">
      <color>4290175228</color>
      <font family="%E5%BE%AE%E8%BD%AF%E9%9B%85%E9%BB%91" displayName="%E5%BE%AE%E8%BD%AF%E9%9B%85%E9%BB%91" postScript="" weightStyle="Regular" weight="400" isBold="False" isItalic="False"/>
      <textSize>14</textSize>
      <lineSpacing>18</lineSpacing>
      <selectedIndex>-1</selectedIndex>
    </control>
    <control controlID="529102A2-3B94-4C90-9F43-CC4A073AF16A" controlTypeID="Top ActionBar" x="0" y="20" w="375" h="48" zOrder="2">
      <color>4292730333</color>
      <links eventType="AtClick" animate="AmNone" animateAutoDelay="0" animateDuration="500">
        <link targetPageID="4903C713-A1F2-434F-87A1-D2D4A380E1EB" linkType="ltPageLink" isApplyIncludePage="False" title="%E4%BC%9A%E8%AE%AE%E9%A2%84%E7%BA%A6">
          <area shape="0" alt="" ID="{64C6F342-5A1A-4CC0-9B68-CA0AF2908BDA}" coords="(2,4,42,44)"/>
        </link>
        <link targetPageID="" linkType="ltPageLink" isApplyIncludePage="False" title="%E8%8F%9C%E5%8D%95">
          <area shape="0" alt="" ID="{D0D69E28-C8BA-49F2-9420-ADA797633987}" coords="(328,4,368,44)"/>
        </link>
      </links>
      <font family="%E5%BE%AE%E8%BD%AF%E9%9B%85%E9%BB%91" displayName="%E5%BE%AE%E8%BD%AF%E9%9B%85%E9%BB%91" postScript="" weightStyle="Regular" weight="400" isBold="False" isItalic="False"/>
      <text>%E4%B8%93%E5%AE%B6%E5%88%97%E8%A1%A8</text>
      <textSize>14</textSize>
      <lineSpacing>18</lineSpacing>
    </control>
    <control controlID="870737A8-7B9C-4A2A-A7C9-E1BBC1B94195" controlTypeID="StatusBar(IOS)" x="0" y="0" w="375" h="20" zOrder="3"/>
    <control controlID="F7467EA8-F070-4DA9-94AA-C6E0FA011D00" controlTypeID="Image" x="37" y="97" w="90" h="118" zOrder="4"/>
    <control controlID="9A2D4BB0-1F1E-4477-900D-57F2660F2212" controlTypeID="Label" x="137" y="97" w="43" h="24" zOrder="5">
      <font family="%E5%BE%AE%E8%BD%AF%E9%9B%85%E9%BB%91" displayName="%E5%BE%AE%E8%BD%AF%E9%9B%85%E9%BB%91" postScript="" weightStyle="Regular" weight="400" isBold="False" isItalic="False"/>
      <text>%E7%8E%8Bxx</text>
      <textSize>18</textSize>
      <lineSpacing>24</lineSpacing>
      <useDefaultTextSize>False</useDefaultTextSize>
      <selectedIndex>-1</selectedIndex>
    </control>
    <control controlID="CDBC4B53-E32E-4FA4-8352-A519DB3727E0" controlTypeID="Label" x="137" y="141" w="41" h="19" zOrder="6">
      <font family="%E5%BE%AE%E8%BD%AF%E9%9B%85%E9%BB%91" displayName="%E5%BE%AE%E8%BD%AF%E9%9B%85%E9%BB%91" postScript="" weightStyle="Regular" weight="400" isBold="False" isItalic="False"/>
      <text>%E8%81%8C%E4%BD%8D%EF%BC%9A</text>
      <lineSpacing>18</lineSpacing>
      <selectedIndex>-1</selectedIndex>
    </control>
    <control controlID="63087571-BEFC-4958-9BA8-57EE239130B6" controlTypeID="Label" x="137" y="196" w="131" h="19" zOrder="7">
      <font family="%E5%BE%AE%E8%BD%AF%E9%9B%85%E9%BB%91" displayName="%E5%BE%AE%E8%BD%AF%E9%9B%85%E9%BB%91" postScript="" weightStyle="Regular" weight="400" isBold="False" isItalic="False"/>
      <text>%E7%A0%94%E7%A9%B6%E9%A2%86%E5%9F%9F%EF%BC%9A%E8%83%BD%E6%BA%90%E7%BB%93%E6%9E%84</text>
      <lineSpacing>18</lineSpacing>
      <selectedIndex>-1</selectedIndex>
    </control>
    <control controlID="CA61BBA3-046A-4260-A09B-FC313BF1848B" controlTypeID="TextArea" x="188" y="141" w="180" h="45" zOrder="8">
      <font family="%E5%BE%AE%E8%BD%AF%E9%9B%85%E9%BB%91" displayName="%E5%BE%AE%E8%BD%AF%E9%9B%85%E9%BB%91" postScript="" weightStyle="Regular" weight="400" isBold="False" isItalic="False"/>
      <text>%E5%9B%BD%E5%AE%B6%E5%8D%83%E4%BA%BA%E8%AE%A1%E5%88%92%E4%B8%93%E5%AE%B6%EF%BC%8Cxx%E5%A4%A7%E5%AD%A6%E6%95%99%E6%8E%88%EF%BC%8C%E4%B8%AD%E5%9B%BD%E7%A7%91%E5%AD%A6%E9%99%A2%E9%99%A2%E5%A3%AB</text>
      <lineSpacing>18</lineSpacing>
      <selectedIndex>-1</selectedIndex>
    </control>
    <control controlID="E80DDACD-9C0C-46DB-852E-71EBF75943D7" controlTypeID="Image" x="37" y="255" w="90" h="118" zOrder="9"/>
    <control controlID="C4B43996-9BDB-44F4-874D-C82638AFB804" controlTypeID="Label" x="137" y="255" w="43" h="24" zOrder="10">
      <font family="%E5%BE%AE%E8%BD%AF%E9%9B%85%E9%BB%91" displayName="%E5%BE%AE%E8%BD%AF%E9%9B%85%E9%BB%91" postScript="" weightStyle="Regular" weight="400" isBold="False" isItalic="False"/>
      <text>%E7%8E%8Bxx</text>
      <textSize>18</textSize>
      <lineSpacing>24</lineSpacing>
      <useDefaultTextSize>False</useDefaultTextSize>
      <selectedIndex>-1</selectedIndex>
    </control>
    <control controlID="D49408B4-2018-434E-987B-0AA1CB17F679" controlTypeID="Label" x="137" y="299" w="41" h="19" zOrder="11">
      <font family="%E5%BE%AE%E8%BD%AF%E9%9B%85%E9%BB%91" displayName="%E5%BE%AE%E8%BD%AF%E9%9B%85%E9%BB%91" postScript="" weightStyle="Regular" weight="400" isBold="False" isItalic="False"/>
      <text>%E8%81%8C%E4%BD%8D%EF%BC%9A</text>
      <lineSpacing>18</lineSpacing>
      <selectedIndex>-1</selectedIndex>
    </control>
    <control controlID="ADBBBC4B-4D54-4D99-84CF-CF381E299296" controlTypeID="Label" x="137" y="354" w="131" h="19" zOrder="12">
      <font family="%E5%BE%AE%E8%BD%AF%E9%9B%85%E9%BB%91" displayName="%E5%BE%AE%E8%BD%AF%E9%9B%85%E9%BB%91" postScript="" weightStyle="Regular" weight="400" isBold="False" isItalic="False"/>
      <text>%E7%A0%94%E7%A9%B6%E9%A2%86%E5%9F%9F%EF%BC%9A%E8%83%BD%E6%BA%90%E7%BB%93%E6%9E%84</text>
      <lineSpacing>18</lineSpacing>
      <selectedIndex>-1</selectedIndex>
    </control>
    <control controlID="C90B331E-3F45-4ACC-BBB8-4D8CFD061DD3" controlTypeID="TextArea" x="188" y="299" w="180" h="45" zOrder="13">
      <font family="%E5%BE%AE%E8%BD%AF%E9%9B%85%E9%BB%91" displayName="%E5%BE%AE%E8%BD%AF%E9%9B%85%E9%BB%91" postScript="" weightStyle="Regular" weight="400" isBold="False" isItalic="False"/>
      <text>%E5%9B%BD%E5%AE%B6%E5%8D%83%E4%BA%BA%E8%AE%A1%E5%88%92%E4%B8%93%E5%AE%B6%EF%BC%8Cxx%E5%A4%A7%E5%AD%A6%E6%95%99%E6%8E%88%EF%BC%8C%E4%B8%AD%E5%9B%BD%E7%A7%91%E5%AD%A6%E9%99%A2%E9%99%A2%E5%A3%AB</text>
      <lineSpacing>18</lineSpacing>
      <selectedIndex>-1</selectedIndex>
    </control>
    <control controlID="A5130D2C-1156-457D-986A-68F0DCB36701" controlTypeID="Button" x="274" y="99" w="70" h="30" zOrder="14">
      <links eventType="AtClick" animate="AmNone" animateAutoDelay="0" animateDuration="500">
        <link targetPageID="AE3ED981-AA5D-49F1-A2BE-366FC36A7393" linkType="ltPageLink" isApplyIncludePage="False" title="%E9%82%80%E8%AF%B7%E4%B8%93%E5%AE%B6%E5%90%8E">
          <area shape="0" alt="" ID="{C12693FA-98F1-4935-9E31-B858059AE84A}" coords="(0,0,70,30)"/>
        </link>
      </links>
      <font family="%E5%BE%AE%E8%BD%AF%E9%9B%85%E9%BB%91" displayName="%E5%BE%AE%E8%BD%AF%E9%9B%85%E9%BB%91" postScript="" weightStyle="Regular" weight="400" isBold="False" isItalic="False"/>
      <text>%E9%82%80%E7%BA%A6</text>
      <lineSpacing>18</lineSpacing>
      <selectedIndex>-1</selectedIndex>
    </control>
    <control controlID="BDE3BA82-B146-404D-972C-BDDC916DFD83" controlTypeID="Button" x="274" y="252" w="70" h="30" zOrder="15">
      <font family="%E5%BE%AE%E8%BD%AF%E9%9B%85%E9%BB%91" displayName="%E5%BE%AE%E8%BD%AF%E9%9B%85%E9%BB%91" postScript="" weightStyle="Regular" weight="400" isBold="False" isItalic="False"/>
      <text>%E4%B8%8D%E5%8F%AF%E9%82%80%E7%BA%A6</text>
      <lineSpacing>18</lineSpacing>
      <selectedIndex>-1</selectedIndex>
    </control>
    <control controlID="70D5C6A9-AACE-48A8-845A-0AEAD6C72483" controlTypeID="Shape" x="15" y="401" w="353" h="150" zOrder="16">
      <color>4290175228</color>
      <font family="%E5%BE%AE%E8%BD%AF%E9%9B%85%E9%BB%91" displayName="%E5%BE%AE%E8%BD%AF%E9%9B%85%E9%BB%91" postScript="" weightStyle="Regular" weight="400" isBold="False" isItalic="False"/>
      <textSize>14</textSize>
      <lineSpacing>18</lineSpacing>
      <selectedIndex>-1</selectedIndex>
    </control>
    <control controlID="8CD1E630-19C6-4587-B973-F803951DBFA6" controlTypeID="Image" x="37" y="417" w="90" h="118" zOrder="17"/>
    <control controlID="0644A598-726F-433B-A557-E07E364A64CE" controlTypeID="Label" x="137" y="417" w="43" h="24" zOrder="18">
      <font family="%E5%BE%AE%E8%BD%AF%E9%9B%85%E9%BB%91" displayName="%E5%BE%AE%E8%BD%AF%E9%9B%85%E9%BB%91" postScript="" weightStyle="Regular" weight="400" isBold="False" isItalic="False"/>
      <text>%E7%8E%8Bxx</text>
      <textSize>18</textSize>
      <lineSpacing>24</lineSpacing>
      <useDefaultTextSize>False</useDefaultTextSize>
      <selectedIndex>-1</selectedIndex>
    </control>
    <control controlID="BCE10DB4-3462-4281-9E6A-749E5804A7D8" controlTypeID="Label" x="137" y="461" w="41" h="19" zOrder="19">
      <font family="%E5%BE%AE%E8%BD%AF%E9%9B%85%E9%BB%91" displayName="%E5%BE%AE%E8%BD%AF%E9%9B%85%E9%BB%91" postScript="" weightStyle="Regular" weight="400" isBold="False" isItalic="False"/>
      <text>%E8%81%8C%E4%BD%8D%EF%BC%9A</text>
      <lineSpacing>18</lineSpacing>
      <selectedIndex>-1</selectedIndex>
    </control>
    <control controlID="681E4E9A-F0B0-4B50-82DE-C539486C2C83" controlTypeID="Label" x="137" y="516" w="131" h="19" zOrder="20">
      <font family="%E5%BE%AE%E8%BD%AF%E9%9B%85%E9%BB%91" displayName="%E5%BE%AE%E8%BD%AF%E9%9B%85%E9%BB%91" postScript="" weightStyle="Regular" weight="400" isBold="False" isItalic="False"/>
      <text>%E7%A0%94%E7%A9%B6%E9%A2%86%E5%9F%9F%EF%BC%9A%E8%83%BD%E6%BA%90%E7%BB%93%E6%9E%84</text>
      <lineSpacing>18</lineSpacing>
      <selectedIndex>-1</selectedIndex>
    </control>
    <control controlID="3B84E3DA-DB2E-41B0-A3FA-591CEEFA7B3A" controlTypeID="TextArea" x="188" y="461" w="180" h="45" zOrder="21">
      <font family="%E5%BE%AE%E8%BD%AF%E9%9B%85%E9%BB%91" displayName="%E5%BE%AE%E8%BD%AF%E9%9B%85%E9%BB%91" postScript="" weightStyle="Regular" weight="400" isBold="False" isItalic="False"/>
      <text>%E5%9B%BD%E5%AE%B6%E5%8D%83%E4%BA%BA%E8%AE%A1%E5%88%92%E4%B8%93%E5%AE%B6%EF%BC%8Cxx%E5%A4%A7%E5%AD%A6%E6%95%99%E6%8E%88%EF%BC%8C%E4%B8%AD%E5%9B%BD%E7%A7%91%E5%AD%A6%E9%99%A2%E9%99%A2%E5%A3%AB</text>
      <lineSpacing>18</lineSpacing>
      <selectedIndex>-1</selectedIndex>
    </control>
    <control controlID="3BC62684-5D10-4E57-954F-7632D18636B0" controlTypeID="Button" x="274" y="414" w="70" h="30" zOrder="22">
      <font family="%E5%BE%AE%E8%BD%AF%E9%9B%85%E9%BB%91" displayName="%E5%BE%AE%E8%BD%AF%E9%9B%85%E9%BB%91" postScript="" weightStyle="Regular" weight="400" isBold="False" isItalic="False"/>
      <text>%E9%82%80%E7%BA%A6</text>
      <lineSpacing>18</lineSpacing>
      <selectedIndex>-1</selectedIndex>
    </control>
  </controls>
  <param>
    <backgroundColor>4294967295</backgroundColor>
    <fontSize>0</fontSize>
    <fontFamily/>
    <guideLines/>
  </param>
</mockup>