﻿<mockup version="4.8" minAllowVersion="4.8" ID="08EEE71A-F3FC-4337-A2BA-EC3EAD59D359" platform="MtMobile" defaultW="375" defaultH="667" screenOrientation="MoPortrait" mobileScreenScale="1.77777779102325" measureW="375" measureH="667" clipArea="(0,0,0,0)">
  <controls controlCount="10">
    <control controlID="529102A2-3B94-4C90-9F43-CC4A073AF16A" controlTypeID="Top ActionBar" x="0" y="20" w="375" h="48" zOrder="0">
      <color>4292730333</color>
      <links eventType="AtClick" animate="AmNone" animateAutoDelay="0" animateDuration="500">
        <link targetPageID="A1547BC9-587E-426C-8EB2-59C40FCCD726" linkType="ltPageLink" isApplyIncludePage="False" title="%E8%AE%BE%E7%BD%AE%E9%82%80%E8%AF%B7%E5%87%BD%E6%A8%A1%E7%89%88">
          <area shape="0" alt="" ID="{865DC430-2B28-4E02-9960-B8391A7D34C8}" coords="(2,4,42,44)"/>
        </link>
        <link targetPageID="" linkType="ltPageLink" isApplyIncludePage="False" title="%E8%8F%9C%E5%8D%95">
          <area shape="0" alt="" ID="{35E3D3FD-0E76-41C6-9B21-2FBF4C707AB8}" coords="(328,4,368,44)"/>
        </link>
      </links>
      <font family="%E5%BE%AE%E8%BD%AF%E9%9B%85%E9%BB%91" displayName="%E5%BE%AE%E8%BD%AF%E9%9B%85%E9%BB%91" postScript="" weightStyle="Regular" weight="400" isBold="False" isItalic="False"/>
      <text>%E4%B8%AA%E4%BA%BA%E4%BF%A1%E6%81%AF</text>
      <textSize>14</textSize>
      <lineSpacing>18</lineSpacing>
    </control>
    <control controlID="870737A8-7B9C-4A2A-A7C9-E1BBC1B94195" controlTypeID="StatusBar(IOS)" x="0" y="0" w="375" h="20" zOrder="1"/>
    <control controlID="3A995713-E4B2-4BF2-86AE-B721E0DA35B6" controlTypeID="Label" x="35" y="107" w="61" h="19" zOrder="2">
      <font family="%E5%BE%AE%E8%BD%AF%E9%9B%85%E9%BB%91" displayName="%E5%BE%AE%E8%BD%AF%E9%9B%85%E9%BB%91" postScript="" weightStyle="Regular" weight="400" isBold="False" isItalic="False"/>
      <text>%E6%A8%A1%E6%9D%BF%E5%90%8D%E7%A7%B0</text>
      <lineSpacing>18</lineSpacing>
      <selectedIndex>-1</selectedIndex>
    </control>
    <control controlID="66ECEC8C-0DA6-4502-BB9E-F19EE919391E" controlTypeID="TextInput" x="123" y="104" w="138" h="25" zOrder="3">
      <font family="%E5%BE%AE%E8%BD%AF%E9%9B%85%E9%BB%91" displayName="%E5%BE%AE%E8%BD%AF%E9%9B%85%E9%BB%91" postScript="" weightStyle="Regular" weight="400" isBold="False" isItalic="False"/>
      <text>%E8%AF%B7%E8%BE%93%E5%85%A5%E6%A8%A1%E6%9D%BF%E5%90%8D%E7%A7%B0</text>
      <lineSpacing>18</lineSpacing>
      <selectedIndex>-1</selectedIndex>
    </control>
    <control controlID="D22D612C-92F2-4E33-B893-F25684BE30C0" controlTypeID="Label" x="36" y="143" w="61" h="19" zOrder="4">
      <font family="%E5%BE%AE%E8%BD%AF%E9%9B%85%E9%BB%91" displayName="%E5%BE%AE%E8%BD%AF%E9%9B%85%E9%BB%91" postScript="" weightStyle="Regular" weight="400" isBold="False" isItalic="False"/>
      <text>%E6%A8%A1%E6%9D%BF%E5%86%85%E5%AE%B9</text>
      <lineSpacing>18</lineSpacing>
      <selectedIndex>-1</selectedIndex>
    </control>
    <control controlID="1077211E-9FBA-47FF-B9F3-8A86BB103306" controlTypeID="Shape" x="40" y="176" w="304" h="211" zOrder="5">
      <font family="%E5%BE%AE%E8%BD%AF%E9%9B%85%E9%BB%91" displayName="%E5%BE%AE%E8%BD%AF%E9%9B%85%E9%BB%91" postScript="" weightStyle="Regular" weight="400" isBold="False" isItalic="False"/>
      <textSize>14</textSize>
      <lineSpacing>18</lineSpacing>
      <selectedIndex>-1</selectedIndex>
    </control>
    <control controlID="F2548ABA-E7AA-4ED5-9787-432A571CACA6" controlTypeID="Icon" x="40" y="472" w="24" h="24" zOrder="6">
      <icon>
        <ID/>
        <iconFontName>jdIcoMoonFree</iconFontName>
        <iconCode>59832</iconCode>
      </icon>
      <URL>E4670A8F2C2B83137275B49BF86C83D3.svg</URL>
    </control>
    <control controlID="2386FB55-C3E5-4188-BC1F-5D361EFDD31B" controlTypeID="Label" x="69" y="477" w="88" h="19" zOrder="7">
      <font family="%E5%BE%AE%E8%BD%AF%E9%9B%85%E9%BB%91" displayName="%E5%BE%AE%E8%BD%AF%E9%9B%85%E9%BB%91" postScript="" weightStyle="Regular" weight="400" isBold="False" isItalic="False"/>
      <text>%E6%96%B0%E5%BB%BA%E6%A8%A1%E6%9D%BF%E8%AF%B4%E6%98%8E</text>
      <lineSpacing>18</lineSpacing>
      <selectedIndex>-1</selectedIndex>
    </control>
    <control controlID="2A63FB6F-18BB-40D4-A6AF-3032567F18B9" controlTypeID="TextArea" x="40" y="522" w="304" h="125" zOrder="8">
      <font family="%E5%BE%AE%E8%BD%AF%E9%9B%85%E9%BB%91" displayName="%E5%BE%AE%E8%BD%AF%E9%9B%85%E9%BB%91" postScript="" weightStyle="Regular" weight="400" isBold="False" isItalic="False"/>
      <text>%E6%96%B0%E5%BB%BA%E6%A8%A1%E6%9D%BF%E6%97%B6%EF%BC%8C%E5%B0%86%E5%9B%BA%E5%AE%9A%E5%AD%97%E6%AE%B5%E7%94%A8%5B++%5D%E5%8C%85%E4%BD%8F%EF%BC%8C%E5%8F%AF%E8%87%AA%E5%8A%A8%E5%A1%AB%E5%85%85%E4%BF%A1%E6%81%AF%0D%0A%0D%0A%E5%A6%82%EF%BC%9A%E5%B0%8A%E6%95%AC%E7%9A%84%5B%E4%B8%93%E5%AE%B6%E5%90%8D%E7%A7%B0%5D%E8%80%81%E5%B8%88%EF%BC%9A%0D%0A%E6%88%91%E4%BB%AC%E5%8D%B3%E5%B0%86%E5%8F%AC%E5%BC%80%5B%E4%BC%9A%E8%AE%AE%E5%90%8D%E7%A7%B0%5D%E4%BC%9A%E8%AE%AE%EF%BC%8C%E6%97%B6%E9%97%B4%E6%98%AF%5B%E4%BC%9A%E8%AE%AE%E6%97%B6%E9%97%B4%5D</text>
      <lineSpacing>18</lineSpacing>
      <selectedIndex>-1</selectedIndex>
    </control>
    <control controlID="6EC5CA2C-F9A4-44C9-865F-1ED220FF9D5C" controlTypeID="Button" x="224" y="397" w="120" h="25" zOrder="9">
      <links eventType="AtClick" animate="AmNone" animateAutoDelay="0" animateDuration="500">
        <link targetPageID="A1547BC9-587E-426C-8EB2-59C40FCCD726" linkType="ltPageLink" isApplyIncludePage="False" title="%E8%AE%BE%E7%BD%AE%E9%82%80%E8%AF%B7%E5%87%BD%E6%A8%A1%E7%89%88">
          <area shape="0" alt="" ID="{FBF95A45-2B66-4C36-BAFD-5F0F8FC2772B}" coords="(0,0,120,25)"/>
        </link>
      </links>
      <font family="%E5%BE%AE%E8%BD%AF%E9%9B%85%E9%BB%91" displayName="%E5%BE%AE%E8%BD%AF%E9%9B%85%E9%BB%91" postScript="" weightStyle="Regular" weight="400" isBold="False" isItalic="False"/>
      <text>%E5%AE%8C%E6%88%90</text>
      <lineSpacing>18</lineSpacing>
    </control>
  </controls>
  <param>
    <backgroundColor>4294967295</backgroundColor>
    <fontSize>0</fontSize>
    <fontFamily/>
    <guideLines/>
  </param>
</mockup>