﻿<mockup version="4.8" minAllowVersion="4.8" ID="FD6C4CAF-1EB9-4177-B981-766ADF8F4F5C" platform="MtMobile" defaultW="375" defaultH="667" screenOrientation="MoPortrait" mobileScreenScale="1.77777779102325" measureW="375" measureH="667" clipArea="(0,0,0,0)">
  <controls controlCount="34">
    <control controlID="870737A8-7B9C-4A2A-A7C9-E1BBC1B94195" controlTypeID="StatusBar(IOS)" x="0" y="0" w="375" h="20" zOrder="0"/>
    <control controlID="2411C8F6-898E-4663-B20D-6F1D0CC5F6AA" controlTypeID="Shape" x="0" y="68" w="375" h="120" zOrder="1">
      <font family="%E5%BE%AE%E8%BD%AF%E9%9B%85%E9%BB%91" displayName="%E5%BE%AE%E8%BD%AF%E9%9B%85%E9%BB%91" postScript="" weightStyle="Regular" weight="400" isBold="False" isItalic="False"/>
      <text>%E6%AC%A2%E8%BF%8E%E8%AF%8D%E6%88%96%E5%9B%BE%E7%89%87</text>
      <textSize>14</textSize>
      <lineSpacing>18</lineSpacing>
      <selectedIndex>-1</selectedIndex>
    </control>
    <control controlID="FFD7441D-0A11-428F-A256-C362E7DD0F42" controlTypeID="Label" x="20" y="209" w="89" h="19" zOrder="2">
      <font family="%E5%BE%AE%E8%BD%AF%E9%9B%85%E9%BB%91" displayName="%E5%BE%AE%E8%BD%AF%E9%9B%85%E9%BB%91" postScript="" weightStyle="Regular" weight="400" isBold="False" isItalic="False"/>
      <text>%E8%BF%91%E6%9C%9F%E4%BC%9A%E8%AE%AE%E5%AE%89%E6%8E%92</text>
      <lineSpacing>18</lineSpacing>
      <selectedIndex>-1</selectedIndex>
    </control>
    <control controlID="B33C665C-25EE-477F-A102-4E3E2174D8E3" controlTypeID="Label" x="20" y="417" w="61" h="19" zOrder="3">
      <font family="%E5%BE%AE%E8%BD%AF%E9%9B%85%E9%BB%91" displayName="%E5%BE%AE%E8%BD%AF%E9%9B%85%E9%BB%91" postScript="" weightStyle="Regular" weight="400" isBold="False" isItalic="False"/>
      <text>%E4%BC%9A%E8%AE%AE%E6%96%B0%E9%97%BB</text>
      <lineSpacing>18</lineSpacing>
      <selectedIndex>-1</selectedIndex>
    </control>
    <control controlID="FA8533BD-A7DE-4616-A4A6-008C3A489F44" controlTypeID="Shape" x="10" y="451" w="355" h="120" zOrder="4">
      <font family="%E5%BE%AE%E8%BD%AF%E9%9B%85%E9%BB%91" displayName="%E5%BE%AE%E8%BD%AF%E9%9B%85%E9%BB%91" postScript="" weightStyle="Regular" weight="400" isBold="False" isItalic="False"/>
      <textSize>14</textSize>
      <lineSpacing>18</lineSpacing>
      <selectedIndex>-1</selectedIndex>
    </control>
    <control controlID="E5D89033-5240-4665-8806-DBA9B05C1392" controlTypeID="Label" x="27" y="473" w="320" h="19" zOrder="5">
      <font family="%E5%BE%AE%E8%BD%AF%E9%9B%85%E9%BB%91" displayName="%E5%BE%AE%E8%BD%AF%E9%9B%85%E9%BB%91" postScript="" weightStyle="Regular" weight="400" isBold="False" isItalic="False"/>
      <text>%E5%BB%8A%E5%9D%8A%E5%B8%82%E6%88%90%E5%8A%9F%E4%B8%BE%E8%A1%8C%E5%86%AC%E9%98%B2%E7%A0%94%E8%AE%A8%E4%BC%9A++++++++++++++++++++2017.9.25</text>
      <lineSpacing>18</lineSpacing>
      <selectedIndex>-1</selectedIndex>
    </control>
    <control controlID="B32EC5E1-695C-4CE2-88E2-514568C3BECA" controlTypeID="Label" x="28" y="502" w="320" h="19" zOrder="6">
      <font family="%E5%BE%AE%E8%BD%AF%E9%9B%85%E9%BB%91" displayName="%E5%BE%AE%E8%BD%AF%E9%9B%85%E9%BB%91" postScript="" weightStyle="Regular" weight="400" isBold="False" isItalic="False"/>
      <text>%E9%83%91%E5%B7%9E%E5%B8%82%E6%88%90%E5%8A%9F%E4%B8%BE%E8%A1%8C%E5%86%AC%E9%98%B2%E7%A0%94%E8%AE%A8%E4%BC%9A++++++++++++++++++++2017.9.25</text>
      <lineSpacing>18</lineSpacing>
      <selectedIndex>-1</selectedIndex>
    </control>
    <control controlID="57A58147-E2F8-4F03-89A1-B8BB1D8CC895" controlTypeID="Label" x="28" y="531" w="320" h="19" zOrder="7">
      <font family="%E5%BE%AE%E8%BD%AF%E9%9B%85%E9%BB%91" displayName="%E5%BE%AE%E8%BD%AF%E9%9B%85%E9%BB%91" postScript="" weightStyle="Regular" weight="400" isBold="False" isItalic="False"/>
      <text>%E6%B2%88%E9%98%B3%E5%B8%82%E6%88%90%E5%8A%9F%E4%B8%BE%E8%A1%8C%E5%86%AC%E9%98%B2%E7%A0%94%E8%AE%A8%E4%BC%9A++++++++++++++++++++2017.9.25</text>
      <lineSpacing>18</lineSpacing>
      <selectedIndex>-1</selectedIndex>
    </control>
    <control controlID="3D202011-7C16-4CAA-BA3A-5F384BA51E9C" controlTypeID="Button" x="72" y="603" w="242" h="48" zOrder="8">
      <remarkText>1%E3%80%81%E8%8B%A5%E6%9C%AA%E7%99%BB%E5%BD%95%EF%BC%8C%E8%B7%B3%E8%BD%AC%E5%88%B0%E7%99%BB%E5%BD%95%E7%95%8C%E9%9D%A2%0D%0A2%E3%80%81%E8%8B%A5%E5%B7%B2%E7%99%BB%E5%BD%95%EF%BC%8C%E7%9B%B4%E6%8E%A5%E8%B7%B3%E8%BD%AC%E5%88%B0%E4%BC%9A%E8%AE%AE%E9%A2%84%E7%BA%A6</remarkText>
      <links eventType="AtClick" animate="AmNone" animateAutoDelay="0" animateDuration="500">
        <link targetPageID="B061FE9C-DD15-4C37-9E65-EE65602CB6AF" linkType="ltPageLink" isApplyIncludePage="False" title="%E5%B8%90%E5%8F%B7%E7%99%BB%E5%BD%95">
          <area shape="0" alt="" ID="{7C422090-5116-439E-B8D9-6BAEF888F382}" coords="(0,0,242,48)"/>
        </link>
      </links>
      <font family="%E5%BE%AE%E8%BD%AF%E9%9B%85%E9%BB%91" displayName="%E5%BE%AE%E8%BD%AF%E9%9B%85%E9%BB%91" postScript="" weightStyle="Regular" weight="400" isBold="False" isItalic="False"/>
      <text>%E7%AB%8B%E5%8D%B3%E9%A2%84%E7%BA%A6%E4%BC%9A%E8%AE%AE</text>
      <lineSpacing>18</lineSpacing>
      <selectedIndex>-1</selectedIndex>
    </control>
    <control controlID="23B99D3E-3610-4169-AA16-2A0EBC2B3643" controlTypeID="Label" x="158" y="34" w="60" h="24" zOrder="9">
      <font family="%E5%BE%AE%E8%BD%AF%E9%9B%85%E9%BB%91" displayName="%E5%BE%AE%E8%BD%AF%E9%9B%85%E9%BB%91" postScript="" weightStyle="Regular" weight="400" isBold="False" isItalic="False"/>
      <text>%E5%BC%80%E4%BC%9A%E5%95%A6</text>
      <textSize>18</textSize>
      <lineSpacing>24</lineSpacing>
      <useDefaultTextSize>False</useDefaultTextSize>
      <selectedIndex>-1</selectedIndex>
    </control>
    <control controlID="154A3623-5406-4EAD-8BB0-D640BE7AE3AD" controlTypeID="Icon" x="324" y="34" w="24" h="24" zOrder="10">
      <links eventType="AtClick" animate="AmNone" animateAutoDelay="0" animateDuration="500">
        <link targetPageID="08EEE71A-F3FC-4337-A2BA-EC3EAD59D359" linkType="ltPageLink" isApplyIncludePage="False" title="%E4%B8%AA%E4%BA%BA%E4%BF%A1%E6%81%AF">
          <area shape="0" alt="" ID="{CF9C5605-184B-46D9-B9CC-03DA4650D156}" coords="(0,0,24,24)"/>
        </link>
      </links>
      <icon>
        <ID/>
        <iconFontName>jdIonicons</iconFontName>
        <iconCode>62489</iconCode>
      </icon>
      <URL>E7D27E7A00FA7023CB70F7694DE9F06F.svg</URL>
    </control>
    <control controlID="879087D4-7E1D-4592-82C7-AF9E9DAB0F75" controlTypeID="AlarmIcon2" x="10" y="34" w="24" h="24" zOrder="11">
      <color>4284900966</color>
      <interactiveData>
        <entry title="">
          <area shape="0" alt="" ID="{30981D44-AB19-4671-B137-25D1FE2C336F}" coords="(0,0,24,24)"/>
          <events title="">
            <event eventType="atClick" isChecked="True">
              <behaviour title="" isChecked="True" isWait="False" isLoop="False" execMode="emParallel">
                <target targetID="0A2E0763-347F-4A2B-B8FB-EA4D8FFC6A29" isChecked="True" isAutoRecovery="False" isLoop="False" execMode="emSequence">
                  <command name="Popup State Change" isChecked="True" descrition="">
                    <param name="AniInterpolation" value="0" varType="3" description=""/>
                    <param name="AniDuration" value="200" varType="3" description=""/>
                    <param name="AniAutoReverse" value="False" varType="11" description=""/>
                    <param name="AniLoop" value="False" varType="11" description=""/>
                    <param name="AniInterpolationTypeOut" value="False" varType="11" description=""/>
                    <param name="Delay" value="0" varType="3" description=""/>
                    <param name="Value" value="2" varType="3" description=""/>
                    <param name="AniType" value="0" varType="3" description=""/>
                  </command>
                </target>
              </behaviour>
            </event>
          </events>
        </entry>
      </interactiveData>
      <groupChildrenDescriptors>
        <control controlID="E880D6A9-55BF-47E1-832C-111B0A80B3AC" controlTypeID="Shape" x="0" y="0" w="24" h="24" zOrder="0">
          <canMove>False</canMove>
          <alias>shape</alias>
          <font family="%E5%BE%AE%E8%BD%AF%E9%9B%85%E9%BB%91" displayName="%E5%BE%AE%E8%BD%AF%E9%9B%85%E9%BB%91" postScript="" weightStyle="Regular" weight="400" isBold="False" isItalic="False"/>
          <textSize>14</textSize>
          <lineSpacing>18</lineSpacing>
          <selectedIndex>-1</selectedIndex>
        </control>
        <control controlID="7B039935-C383-4B63-9F88-66B95155ED2E" controlTypeID="Icon" x="0" y="0" w="24" h="24" zOrder="1">
          <canMove>False</canMove>
          <alias>icon</alias>
          <icon>
            <ID/>
            <iconFontName>jdIonicons</iconFontName>
            <iconCode>62356</iconCode>
          </icon>
          <URL>F8C2434C2C958119B1E6150C97C501FA.svg</URL>
        </control>
        <control controlID="CF72546A-4667-4554-8AA0-F4794A1BCC07" controlTypeID="Label" x="0" y="2" w="52" h="16" zOrder="2">
          <canMove>False</canMove>
          <alias>label</alias>
          <font family="%E5%BE%AE%E8%BD%AF%E9%9B%85%E9%BB%91" displayName="%E5%BE%AE%E8%BD%AF%E9%9B%85%E9%BB%91" postScript="" weightStyle="Regular" weight="400" isBold="False" isItalic="False"/>
          <text>%E5%8D%95%E8%A1%8C%E6%96%87%E5%AD%97</text>
          <textSize>12</textSize>
          <textAlign>HaCenter</textAlign>
          <lineSpacing>16</lineSpacing>
          <selectedIndex>-1</selectedIndex>
        </control>
        <control controlID="470E3E4A-2FC7-4BBD-8553-93C5BC868F9E" controlTypeID="Shape" x="11" y="0" w="13" h="12" zOrder="3">
          <color>4294901760</color>
          <borderVisible>False</borderVisible>
          <canMove>False</canMove>
          <alias>alarm</alias>
          <font family="%E5%BE%AE%E8%BD%AF%E9%9B%85%E9%BB%91" displayName="%E5%BE%AE%E8%BD%AF%E9%9B%85%E9%BB%91" postScript="" weightStyle="Regular" weight="400" isBold="False" isItalic="False"/>
          <text>2</text>
          <textColor>4294967295</textColor>
          <textSize>7</textSize>
          <lineSpacing>9</lineSpacing>
          <selectedIndex>-1</selectedIndex>
          <radius>100</radius>
          <radiusIsPercent>True</radiusIsPercent>
        </control>
      </groupChildrenDescriptors>
    </control>
    <control controlID="DE86E853-22FD-45F0-814E-8356781547E6" controlTypeID="Calendar" x="92" y="238" w="180" h="150" zOrder="12">
      <remarkText>1%E3%80%81%E6%8C%89%E6%97%A5%E5%8E%86%E7%9A%84%E5%BD%A2%E5%BC%8F%EF%BC%8C%E6%9F%A5%E7%9C%8B%E8%BF%91%E6%9C%9F%E4%BC%9A%E8%AE%AE%E5%AE%89%E6%8E%92%0D%0A2%E3%80%81%E6%9C%89%E4%BC%9A%E8%AE%AE%E5%AE%89%E6%8E%92%E7%9A%84%E4%B8%8D%E5%90%8C%E9%A2%9C%E8%89%B2%E6%A0%87%E8%AE%B0%0D%0A3%E3%80%81%E7%82%B9%E5%87%BB%E6%97%A5%E6%9C%9F%E5%8F%AF%E6%9F%A5%E7%9C%8B%E4%BC%9A%E8%AE%AE%E7%9A%84%E7%AE%80%E4%BB%8B%0D%0A</remarkText>
    </control>
    <control controlID="0A2E0763-347F-4A2B-B8FB-EA4D8FFC6A29" controlTypeID="SlidingDrawer" x="-117" y="74" w="46" h="46" zOrder="13">
      <groupChildrenDescriptors>
        <control controlID="33080EFA-80BB-42A7-93C8-AFA687F7D729" controlTypeID="Panel" x="0" y="0" w="375" h="667" zOrder="0">
          <locked>True</locked>
          <color>1879048192</color>
          <borderVisible>False</borderVisible>
          <canMove>False</canMove>
          <alias>background</alias>
          <groupChildrenDescriptors>
            <control controlID="6C98AEAD-BC28-4564-9E86-AC2F004D79BC" controlTypeID="Border" x="0" y="0" w="375" h="667" zOrder="0">
              <caption>%E8%BE%B9%E6%A1%86</caption>
              <borderVisible>False</borderVisible>
              <alias>borderLayer</alias>
            </control>
          </groupChildrenDescriptors>
          <thinkness>1</thinkness>
        </control>
        <control controlID="C5F25060-2710-4149-B8F4-634E025F9E62" controlTypeID="Panel" x="0" y="0" w="188" h="667" zOrder="1">
          <alias>content</alias>
          <groupChildrenDescriptors>
            <control controlID="BC97BA2C-1AED-4602-B53D-6B90BB632548" controlTypeID="Shape" x="10" y="109" w="120" h="45" zOrder="0">
              <links eventType="AtClick" animate="AmNone" animateAutoDelay="0" animateDuration="500">
                <link targetPageID="E771F584-AC03-4C89-8C48-F5D32C0C3258" linkType="ltPageLink" isApplyIncludePage="False" title="%E6%B6%88%E6%81%AF%E5%88%97%E8%A1%A8">
                  <area shape="0" alt="" ID="{11B78721-8458-4C89-B2BD-8E3181903C84}" coords="(0,0,120,45)"/>
                </link>
              </links>
              <font family="%E5%BE%AE%E8%BD%AF%E9%9B%85%E9%BB%91" displayName="%E5%BE%AE%E8%BD%AF%E9%9B%85%E9%BB%91" postScript="" weightStyle="Regular" weight="400" isBold="False" isItalic="False"/>
              <text>%E6%9C%80%E6%96%B0%E6%B6%88%E6%81%AF</text>
              <textSize>14</textSize>
              <lineSpacing>18</lineSpacing>
              <selectedIndex>-1</selectedIndex>
            </control>
            <control controlID="7AEAD430-6F4D-4DE5-A4F9-43A84F3E469E" controlTypeID="Shape" x="10" y="174" w="120" h="45" zOrder="1">
              <links eventType="AtClick" animate="AmNone" animateAutoDelay="0" animateDuration="500">
                <link targetPageID="D4A98C33-F8B1-4C25-8D50-E61170F392FA" linkType="ltPageLink" isApplyIncludePage="False" title="%E4%BC%9A%E8%AE%AE%E9%82%80%E8%AF%B7%E8%BF%9B%E5%BA%A6">
                  <area shape="0" alt="" ID="{5E60C386-E410-4CAE-8645-71E6638FD633}" coords="(0,0,120,45)"/>
                </link>
              </links>
              <font family="%E5%BE%AE%E8%BD%AF%E9%9B%85%E9%BB%91" displayName="%E5%BE%AE%E8%BD%AF%E9%9B%85%E9%BB%91" postScript="" weightStyle="Regular" weight="400" isBold="False" isItalic="False"/>
              <text>%E5%BE%85%E7%A1%AE%E5%AE%9A%E4%BC%9A%E8%AE%AE</text>
              <textSize>14</textSize>
              <lineSpacing>18</lineSpacing>
              <selectedIndex>-1</selectedIndex>
            </control>
            <control controlID="1124D5F6-FD28-4A7C-8D64-12E00FAF5F4A" controlTypeID="AlarmIcon2" x="106" y="109" w="24" h="24" zOrder="2">
              <color>4284900966</color>
              <groupChildrenDescriptors>
                <control controlID="44EDC431-26B4-4772-AD11-0E19994342B9" controlTypeID="Shape" x="0" y="0" w="24" h="24" zOrder="0">
                  <canMove>False</canMove>
                  <alias>shape</alias>
                  <font family="%E5%BE%AE%E8%BD%AF%E9%9B%85%E9%BB%91" displayName="%E5%BE%AE%E8%BD%AF%E9%9B%85%E9%BB%91" postScript="" weightStyle="Regular" weight="400" isBold="False" isItalic="False"/>
                  <textSize>14</textSize>
                  <lineSpacing>18</lineSpacing>
                  <selectedIndex>-1</selectedIndex>
                </control>
                <control controlID="E22CA02C-CE3D-4A92-85F8-E07F2A2AFFB5" controlTypeID="Icon" x="0" y="0" w="24" h="24" zOrder="1">
                  <canMove>False</canMove>
                  <alias>icon</alias>
                  <icon>
                    <ID/>
                    <iconFontName>jdIonicons</iconFontName>
                    <iconCode>62498</iconCode>
                  </icon>
                  <URL>28CAC8B5F3DA0602E0DF8897FD0F0A97.svg</URL>
                </control>
                <control controlID="3BBB6EDF-BC6B-4D7F-BE17-1EA517F004F2" controlTypeID="Label" x="0" y="2" w="52" h="16" zOrder="2">
                  <canMove>False</canMove>
                  <alias>label</alias>
                  <font family="%E5%BE%AE%E8%BD%AF%E9%9B%85%E9%BB%91" displayName="%E5%BE%AE%E8%BD%AF%E9%9B%85%E9%BB%91" postScript="" weightStyle="Regular" weight="400" isBold="False" isItalic="False"/>
                  <text>%E5%8D%95%E8%A1%8C%E6%96%87%E5%AD%97</text>
                  <textSize>12</textSize>
                  <textAlign>HaCenter</textAlign>
                  <lineSpacing>16</lineSpacing>
                  <selectedIndex>-1</selectedIndex>
                </control>
                <control controlID="7D56F70A-5482-4D39-91D5-807AE163FF6D" controlTypeID="Shape" x="11" y="0" w="13" h="12" zOrder="3">
                  <color>4294901760</color>
                  <borderVisible>False</borderVisible>
                  <canMove>False</canMove>
                  <alias>alarm</alias>
                  <font family="%E5%BE%AE%E8%BD%AF%E9%9B%85%E9%BB%91" displayName="%E5%BE%AE%E8%BD%AF%E9%9B%85%E9%BB%91" postScript="" weightStyle="Regular" weight="400" isBold="False" isItalic="False"/>
                  <text>2</text>
                  <textColor>4294967295</textColor>
                  <textSize>7</textSize>
                  <lineSpacing>9</lineSpacing>
                  <selectedIndex>-1</selectedIndex>
                  <radius>100</radius>
                  <radiusIsPercent>True</radiusIsPercent>
                </control>
              </groupChildrenDescriptors>
            </control>
            <control controlID="9B03CC72-9C36-4477-B18A-A8F1F32F3829" controlTypeID="AlarmIcon2" x="106" y="174" w="24" h="24" zOrder="3">
              <color>4284900966</color>
              <groupChildrenDescriptors>
                <control controlID="785266FE-9B3E-42E5-894C-25E6AFA556EB" controlTypeID="Shape" x="0" y="0" w="24" h="24" zOrder="0">
                  <canMove>False</canMove>
                  <alias>shape</alias>
                  <font family="%E5%BE%AE%E8%BD%AF%E9%9B%85%E9%BB%91" displayName="%E5%BE%AE%E8%BD%AF%E9%9B%85%E9%BB%91" postScript="" weightStyle="Regular" weight="400" isBold="False" isItalic="False"/>
                  <textSize>14</textSize>
                  <lineSpacing>18</lineSpacing>
                  <selectedIndex>-1</selectedIndex>
                </control>
                <control controlID="1E380391-FDF9-47A3-8270-1923F2E4C0EE" controlTypeID="Icon" x="0" y="0" w="24" h="24" zOrder="1">
                  <canMove>False</canMove>
                  <alias>icon</alias>
                  <icon>
                    <ID/>
                    <iconFontName>jdIonicons</iconFontName>
                    <iconCode>62604</iconCode>
                  </icon>
                  <URL>33F0A2AA5D101740752745756128F870.svg</URL>
                </control>
                <control controlID="86F17DF2-9EA3-4B09-9F39-6B0BB770846D" controlTypeID="Label" x="0" y="2" w="52" h="16" zOrder="2">
                  <canMove>False</canMove>
                  <alias>label</alias>
                  <font family="%E5%BE%AE%E8%BD%AF%E9%9B%85%E9%BB%91" displayName="%E5%BE%AE%E8%BD%AF%E9%9B%85%E9%BB%91" postScript="" weightStyle="Regular" weight="400" isBold="False" isItalic="False"/>
                  <text>%E5%8D%95%E8%A1%8C%E6%96%87%E5%AD%97</text>
                  <textSize>12</textSize>
                  <textAlign>HaCenter</textAlign>
                  <lineSpacing>16</lineSpacing>
                  <selectedIndex>-1</selectedIndex>
                </control>
                <control controlID="C9F18DF6-D290-4092-8777-B7747D17D899" controlTypeID="Shape" x="11" y="0" w="13" h="12" zOrder="3">
                  <color>4294901760</color>
                  <borderVisible>False</borderVisible>
                  <canMove>False</canMove>
                  <alias>alarm</alias>
                  <font family="%E5%BE%AE%E8%BD%AF%E9%9B%85%E9%BB%91" displayName="%E5%BE%AE%E8%BD%AF%E9%9B%85%E9%BB%91" postScript="" weightStyle="Regular" weight="400" isBold="False" isItalic="False"/>
                  <text>2</text>
                  <textColor>4294967295</textColor>
                  <textSize>7</textSize>
                  <lineSpacing>9</lineSpacing>
                  <selectedIndex>-1</selectedIndex>
                  <radius>100</radius>
                  <radiusIsPercent>True</radiusIsPercent>
                </control>
              </groupChildrenDescriptors>
            </control>
            <control controlID="4DBAAD66-2DE7-476F-80D4-8056561285F8" controlTypeID="Border" x="0" y="0" w="188" h="667" zOrder="4">
              <caption>%E8%BE%B9%E6%A1%86</caption>
              <alias>borderLayer</alias>
            </control>
          </groupChildrenDescriptors>
          <thinkness>1</thinkness>
        </control>
      </groupChildrenDescriptors>
    </control>
  </controls>
  <param>
    <backgroundColor>4294967295</backgroundColor>
    <fontSize>0</fontSize>
    <fontFamily/>
    <guideLines/>
  </param>
</mockup>