﻿<project version="2.8" name="会议预约系统" ID="82478F40-D2CB-4950-A77D-25ED4A3353E0">
  <params>
    <pageParam version="4.8" minAllowVersion="4.8"/>
    <projectParam version="2.8" minAllowVersion="2.8" platform="MtMobile" orientation="MoPortrait" mobileScreenScale="1.77777779102325" mobileType="mmtIOS" pageSize="(375,667)" backgroundColor="4294967295" fontSize="0" fontFamily="" projectType="ptPersonalProject" isShowTitleIndex="False"/>
    <previewParam version="1.0"/>
    <colorParam version="1.0"/>
  </params>
  <pages>
    <page name="首页" ID="FD6C4CAF-1EB9-4177-B981-766ADF8F4F5C" expanded="True" code="P7jMx1CEiZ" thumbCode="P7jMx1CEiZ" status="psWhite" isfolder="False" isshownode="True">
      <images>
        <image key="F8C2434C2C958119B1E6150C97C501FA.svg"/>
        <image key="28CAC8B5F3DA0602E0DF8897FD0F0A97.svg"/>
        <image key="E7D27E7A00FA7023CB70F7694DE9F06F.svg"/>
        <image key="33F0A2AA5D101740752745756128F870.svg"/>
      </images>
    </page>
    <page name="帐号登录" ID="B061FE9C-DD15-4C37-9E65-EE65602CB6AF" expanded="True" code="4LvLBOCOP3" thumbCode="4LvLBOCOP3" status="psWhite" isfolder="False" isshownode="True"/>
    <page name="个人信息" ID="08EEE71A-F3FC-4337-A2BA-EC3EAD59D359" expanded="True" code="KWaj36qQ74" thumbCode="KWaj36qQ74" status="psWhite" isfolder="False" isshownode="True">
      <page name="我的预约记录" ID="C85ED775-4585-4E2B-B967-B6AE74466731" expanded="True" code="9n2byjQIko" thumbCode="9n2byjQIko" status="psWhite" isfolder="False" isshownode="True"/>
      <page name="设置邀请函模版" ID="A1547BC9-587E-426C-8EB2-59C40FCCD726" expanded="True" code="VlwZxPmBil" thumbCode="VlwZxPmBil" status="psWhite" isfolder="False" isshownode="True">
        <page name="新建模板" ID="FCAE330E-455A-4CC0-BE53-E592DE26CF08" expanded="True" code="DcC7jL6FGn" thumbCode="DcC7jL6FGn" status="psWhite" isfolder="False" isshownode="True">
          <images>
            <image key="E4670A8F2C2B83137275B49BF86C83D3.svg"/>
          </images>
        </page>
      </page>
    </page>
    <page name="会议预约" ID="4903C713-A1F2-434F-87A1-D2D4A380E1EB" expanded="True" code="ALIHFENmKB" thumbCode="ALIHFENmKB" status="psWhite" isfolder="False" isshownode="True">
      <images>
        <image key="A80D6A7386217507CD46AA24148CB327.svg"/>
        <image key="990CA4290E0F8641BAD13D60EB8DBB90.svg"/>
      </images>
      <page name="邀请专家后" ID="AE3ED981-AA5D-49F1-A2BE-366FC36A7393" expanded="True" code="ZoZw4SiTuz" thumbCode="ZoZw4SiTuz" status="psWhite" isfolder="False" isshownode="True">
        <images>
          <image key="A80D6A7386217507CD46AA24148CB327.svg"/>
          <image key="990CA4290E0F8641BAD13D60EB8DBB90.svg"/>
        </images>
      </page>
      <page name="发送预约申请" ID="CB297DC6-4427-4D26-8695-4FEE70649189" expanded="False" code="i75SrdXpLG" thumbCode="i75SrdXpLG" status="psWhite" isfolder="False" isshownode="True">
        <images>
          <image key="A80D6A7386217507CD46AA24148CB327.svg"/>
          <image key="990CA4290E0F8641BAD13D60EB8DBB90.svg"/>
        </images>
      </page>
      <page name="预约成功后" ID="6806B9E4-5E0A-4224-97A5-A21FFED1923D" expanded="False" code="R3GyJMayuR" thumbCode="oJP1hr3g3q" status="psWhite" isfolder="False" isshownode="True"/>
    </page>
    <page name="专家列表" ID="EA6D252E-B4DD-481E-B216-C0B642E43A04" expanded="True" code="lEv5LJhQog" thumbCode="lW6bucjoSl" status="psWhite" isfolder="False" isshownode="True"/>
    <page name="消息列表" ID="E771F584-AC03-4C89-8C48-F5D32C0C3258" expanded="True" code="bHR6UDc8bO" thumbCode="bHR6UDc8bO" status="psWhite" isfolder="False" isshownode="True"/>
    <page name="消息详情" ID="9F7D5BE6-9963-4118-95A3-25EDA4EF2F16" expanded="False" code="Zm8XR6qKhJ" thumbCode="Zm8XR6qKhJ" status="psWhite" isfolder="False" isshownode="True">
      <page name="消息发送成功提示" ID="24676264-C3F8-4180-99CF-BBDFE15452B1" expanded="True" code="OuWNegnPMB" thumbCode="OuWNegnPMB" status="psWhite" isfolder="False" isshownode="True"/>
      <page name="消息发送成功后" ID="8732FCD6-883E-4292-B8D8-AEC78EB74718" expanded="True" code="4iFSfERJrI" thumbCode="4iFSfERJrI" status="psWhite" isfolder="False" isshownode="True"/>
    </page>
    <page name="回复详情" ID="9CFB30DC-8430-4CBA-90D9-3E6389443D4F" expanded="True" code="oF2IKe1jrf" thumbCode="ariq9zfKug" isLastOpen="True" status="psWhite" isfolder="False" isshownode="True"/>
    <page name="返回回复" ID="DBA1FA5B-BCA8-4D09-B24A-DC89FB9BC325" expanded="True" code="Wx6F3R1ASm" thumbCode="Wx6F3R1ASm" status="psWhite" isfolder="False" isshownode="True"/>
    <page name="会议邀请进度" ID="D4A98C33-F8B1-4C25-8D50-E61170F392FA" expanded="True" code="RLPEl4CGYV" thumbCode="RLPEl4CGYV" status="psWhite" isfolder="False" isshownode="True">
      <page name="邀约详情1" ID="1C9D7244-6450-4A48-977A-655D8102239E" expanded="True" code="ZikyzeBAGl" thumbCode="ZikyzeBAGl" status="psWhite" isfolder="False" isshownode="True"/>
      <page name="邀约详情2" ID="7DB56864-BD63-4DD8-B953-CE7B173C2B98" expanded="False" code="DdycnQYPUN" thumbCode="DdycnQYPUN" status="psWhite" isfolder="False" isshownode="True"/>
      <page name="会议反馈" ID="44EB8599-1612-4B95-B00F-07EFDD937D77" expanded="True" code="dRH1RfPYu6" thumbCode="RmYCoCRAqR" status="psWhite" isfolder="False" isshownode="True">
        <page name="会议邀请进度1" ID="C3C8734F-2235-403B-A730-100BD7AF670C" expanded="True" code="TDGXJThEgP" thumbCode="TDGXJThEgP" status="psWhite" isfolder="False" isshownode="True"/>
      </page>
    </page>
  </pages>
  <trash/>
  <deletes/>
  <masters/>
  <images>
    <image key="33F0A2AA5D101740752745756128F870.svg"/>
    <image key="E4670A8F2C2B83137275B49BF86C83D3.svg"/>
    <image key="A80D6A7386217507CD46AA24148CB327.svg"/>
    <image key="990CA4290E0F8641BAD13D60EB8DBB90.svg"/>
    <image key="F8C2434C2C958119B1E6150C97C501FA.svg"/>
    <image key="28CAC8B5F3DA0602E0DF8897FD0F0A97.svg"/>
    <image key="E7D27E7A00FA7023CB70F7694DE9F06F.svg"/>
  </images>
</project>